K,L,AvgSuccessRate,VarianceSuccessRate,AvgDurationMs,VarianceDurationMs,SampleCount,Ratio,AvgRecoveryFraction,VarianceRecoveryFraction
1,1,1.0000,0.0000,560.392,7908.550,101,0.024752,1.0000,0.0000
1,2,1.0000,0.0000,545.497,9359.538,101,0.034653,1.0000,0.0000
1,3,1.0000,0.0000,530.307,7591.011,101,0.044554,1.0000,0.0000
1,4,1.0000,0.0000,532.019,7401.784,101,0.054455,1.0000,0.0000
1,5,1.0000,0.0000,526.565,5000.338,101,0.064356,1.0000,0.0000
1,6,1.0000,0.0000,524.022,6690.717,101,0.074257,1.0000,0.0000
1,7,1.0000,0.0000,519.193,6027.586,101,0.084158,1.0000,0.0000
1,8,1.0000,0.0000,518.237,6183.643,101,0.094059,1.0000,0.0000
1,9,1.0000,0.0000,516.429,5833.544,101,0.103960,1.0000,0.0000
1,10,1.0000,0.0000,517.867,6591.514,101,0.113861,1.0000,0.0000
1,11,1.0000,0.0000,518.295,5480.723,101,0.123762,1.0000,0.0000
1,12,1.0000,0.0000,523.238,7553.824,101,0.133663,1.0000,0.0000
1,13,1.0000,0.0000,521.444,6459.225,101,0.143564,1.0000,0.0000
1,14,1.0000,0.0000,522.120,7248.900,101,0.153465,1.0000,0.0000
1,16,1.0000,0.0000,527.436,9468.878,101,0.173267,1.0000,0.0000
1,17,1.0000,0.0000,531.796,8664.075,101,0.183168,1.0000,0.0000
1,19,1.0000,0.0000,538.285,6487.908,101,0.202970,1.0000,0.0000
1,21,1.0000,0.0000,550.377,7181.826,101,0.222772,1.0000,0.0000
1,23,1.0000,0.0000,535.652,6868.800,101,0.242574,1.0000,0.0000
1,26,1.0000,0.0000,543.187,7096.800,101,0.272277,1.0000,0.0000
1,28,1.0000,0.0000,539.495,7361.198,101,0.292079,1.0000,0.0000
1,31,1.0000,0.0000,531.872,6984.203,101,0.321782,1.0000,0.0000
1,34,1.0000,0.0000,526.348,6274.819,101,0.351485,1.0000,0.0000
1,37,1.0000,0.0000,521.830,5911.985,101,0.381188,1.0000,0.0000
1,41,1.0000,0.0000,517.535,5354.746,101,0.420792,1.0000,0.0000
1,45,1.0000,0.0000,521.115,6254.896,101,0.460396,1.0000,0.0000
1,50,1.0000,0.0000,517.922,5485.073,101,0.509901,1.0000,0.0000
1,55,1.0000,0.0000,520.101,6279.233,101,0.559406,1.0000,0.0000
1,60,1.0000,0.0000,515.259,5412.533,101,0.608911,1.0000,0.0000
1,66,1.0000,0.0000,517.692,6119.794,101,0.668317,1.0000,0.0000
1,73,1.0000,0.0000,520.205,6625.820,101,0.737624,1.0000,0.0000
1,80,1.0000,0.0000,521.465,6902.135,101,0.806931,1.0000,0.0000
1,88,1.0000,0.0000,524.590,6668.285,101,0.886139,1.0000,0.0000
1,97,1.0000,0.0000,518.895,6091.029,101,0.975248,1.0000,0.0000
2,1,1.0000,0.0000,374.798,3339.573,101,0.039604,1.0000,0.0000
2,2,1.0000,0.0000,361.489,2117.568,101,0.049505,1.0000,0.0000
2,3,1.0000,0.0000,352.888,3566.525,101,0.059406,1.0000,0.0000
2,4,1.0000,0.0000,347.594,3157.206,101,0.069307,1.0000,0.0000
2,5,1.0000,0.0000,347.865,1793.707,101,0.079208,1.0000,0.0000
2,6,1.0000,0.0000,338.843,2259.705,101,0.089109,1.0000,0.0000
2,7,1.0000,0.0000,340.316,1878.862,101,0.099010,1.0000,0.0000
2,8,1.0000,0.0000,337.845,2141.252,101,0.108911,1.0000,0.0000
2,9,1.0000,0.0000,332.380,1805.645,101,0.118812,1.0000,0.0000
2,10,1.0000,0.0000,337.327,2885.425,101,0.128713,1.0000,0.0000
2,11,1.0000,0.0000,340.032,2891.465,101,0.138614,1.0000,0.0000
2,12,1.0000,0.0000,342.737,3985.716,101,0.148515,1.0000,0.0000
2,13,1.0000,0.0000,342.113,3031.390,101,0.158416,1.0000,0.0000
2,14,1.0000,0.0000,333.491,3482.940,101,0.168317,1.0000,0.0000
2,16,1.0000,0.0000,342.398,3801.764,101,0.188119,1.0000,0.0000
2,17,1.0000,0.0000,344.067,2683.028,101,0.198020,1.0000,0.0000
2,19,1.0000,0.0000,349.748,4108.469,101,0.217822,1.0000,0.0000
2,21,1.0000,0.0000,357.002,3543.918,101,0.237624,1.0000,0.0000
2,23,1.0000,0.0000,348.620,3555.543,101,0.257426,1.0000,0.0000
2,26,1.0000,0.0000,349.825,3293.855,101,0.287129,1.0000,0.0000
2,28,1.0000,0.0000,342.920,2410.119,101,0.306931,1.0000,0.0000
2,31,1.0000,0.0000,343.785,2650.704,101,0.336634,1.0000,0.0000
2,34,1.0000,0.0000,339.690,3056.365,101,0.366337,1.0000,0.0000
2,37,1.0000,0.0000,341.758,2816.428,101,0.396040,1.0000,0.0000
2,41,1.0000,0.0000,337.180,3417.752,101,0.435644,1.0000,0.0000
2,45,1.0000,0.0000,333.848,2364.269,101,0.475248,1.0000,0.0000
2,50,1.0000,0.0000,332.755,2497.408,101,0.524752,1.0000,0.0000
2,55,1.0000,0.0000,338.778,3297.181,101,0.574257,1.0000,0.0000
2,60,1.0000,0.0000,340.056,2917.317,101,0.623762,1.0000,0.0000
2,66,1.0000,0.0000,334.555,2848.626,101,0.683168,1.0000,0.0000
2,73,1.0000,0.0000,333.342,2671.200,101,0.752475,1.0000,0.0000
2,80,1.0000,0.0000,328.136,2879.001,101,0.821782,1.0000,0.0000
2,88,1.0000,0.0000,334.752,2536.634,101,0.900990,1.0000,0.0000
2,97,1.0000,0.0000,334.715,4001.020,101,0.990099,1.0000,0.0000
3,1,1.0000,0.0000,325.147,4418.637,101,0.054455,1.0000,0.0000
3,2,1.0000,0.0000,315.546,1884.800,101,0.064356,1.0000,0.0000
3,3,1.0000,0.0000,308.572,2624.379,101,0.074257,1.0000,0.0000
3,4,1.0000,0.0000,298.157,1976.219,101,0.084158,1.0000,0.0000
3,5,1.0000,0.0000,297.002,1864.708,101,0.094059,1.0000,0.0000
3,6,1.0000,0.0000,288.601,1771.382,101,0.103960,1.0000,0.0000
3,7,1.0000,0.0000,292.326,1285.229,101,0.113861,1.0000,0.0000
3,8,1.0000,0.0000,286.650,1332.754,101,0.123762,1.0000,0.0000
3,9,1.0000,0.0000,284.811,1320.329,101,0.133663,1.0000,0.0000
3,10,1.0000,0.0000,291.951,1671.447,101,0.143564,1.0000,0.0000
3,11,1.0000,0.0000,291.204,2215.918,101,0.153465,1.0000,0.0000
3,12,1.0000,0.0000,287.343,2372.401,101,0.163366,1.0000,0.0000
3,13,1.0000,0.0000,285.135,2186.346,101,0.173267,1.0000,0.0000
3,14,1.0000,0.0000,289.893,2052.646,101,0.183168,1.0000,0.0000
3,16,1.0000,0.0000,291.023,3007.661,101,0.202970,1.0000,0.0000
3,17,1.0000,0.0000,291.782,3103.588,101,0.212871,1.0000,0.0000
3,19,1.0000,0.0000,295.739,2608.675,101,0.232673,1.0000,0.0000
3,21,1.0000,0.0000,298.992,2070.845,101,0.252475,1.0000,0.0000
3,23,1.0000,0.0000,297.016,2577.499,101,0.272277,1.0000,0.0000
3,26,1.0000,0.0000,295.748,3238.259,101,0.301980,1.0000,0.0000
3,28,1.0000,0.0000,293.760,1972.291,101,0.321782,1.0000,0.0000
3,31,1.0000,0.0000,296.797,2695.958,101,0.351485,1.0000,0.0000
3,34,1.0000,0.0000,283.684,1595.391,101,0.381188,1.0000,0.0000
3,37,1.0000,0.0000,286.632,2311.469,101,0.410891,1.0000,0.0000
3,41,1.0000,0.0000,288.299,1990.327,101,0.450495,1.0000,0.0000
3,45,1.0000,0.0000,286.556,1339.881,101,0.490099,1.0000,0.0000
3,50,1.0000,0.0000,287.041,1755.283,101,0.539604,1.0000,0.0000
3,55,1.0000,0.0000,288.116,1444.205,101,0.589109,1.0000,0.0000
3,60,1.0000,0.0000,286.459,1643.787,101,0.638614,1.0000,0.0000
3,66,1.0000,0.0000,286.952,2007.060,101,0.698020,1.0000,0.0000
3,73,1.0000,0.0000,289.953,2220.090,101,0.767327,1.0000,0.0000
3,80,1.0000,0.0000,284.616,2474.639,101,0.836634,1.0000,0.0000
3,88,1.0000,0.0000,291.661,2190.868,101,0.915842,1.0000,0.0000
3,97,1.0000,0.0000,292.022,2304.893,101,1.004950,1.0000,0.0000
4,1,1.0000,0.0000,303.987,2663.847,101,0.069307,1.0000,0.0000
4,2,1.0000,0.0000,288.390,2303.389,101,0.079208,1.0000,0.0000
4,3,1.0000,0.0000,282.300,1929.720,101,0.089109,1.0000,0.0000
4,4,1.0000,0.0000,272.066,2081.216,101,0.099010,1.0000,0.0000
4,5,1.0000,0.0000,279.951,2311.534,101,0.108911,1.0000,0.0000
4,6,1.0000,0.0000,270.722,1884.907,101,0.118812,1.0000,0.0000
4,7,1.0000,0.0000,269.177,1184.066,101,0.128713,1.0000,0.0000
4,8,1.0000,0.0000,267.771,1425.239,101,0.138614,1.0000,0.0000
4,9,1.0000,0.0000,263.100,1894.277,101,0.148515,1.0000,0.0000
4,10,1.0000,0.0000,263.638,1863.415,101,0.158416,1.0000,0.0000
4,11,1.0000,0.0000,266.444,2351.169,101,0.168317,1.0000,0.0000
4,12,1.0000,0.0000,271.314,1613.044,101,0.178218,1.0000,0.0000
4,13,1.0000,0.0000,267.198,2007.601,101,0.188119,1.0000,0.0000
4,14,1.0000,0.0000,266.231,2247.577,101,0.198020,1.0000,0.0000
4,16,1.0000,0.0000,269.731,2302.035,101,0.217822,1.0000,0.0000
4,17,1.0000,0.0000,272.715,2293.828,101,0.227723,1.0000,0.0000
4,19,1.0000,0.0000,273.492,2144.571,101,0.247525,1.0000,0.0000
4,21,1.0000,0.0000,276.234,2408.218,101,0.267327,1.0000,0.0000
4,23,1.0000,0.0000,278.610,2543.595,101,0.287129,1.0000,0.0000
4,26,1.0000,0.0000,275.526,2860.454,101,0.316832,1.0000,0.0000
4,28,1.0000,0.0000,277.075,2429.070,101,0.336634,1.0000,0.0000
4,31,1.0000,0.0000,274.461,2428.593,101,0.366337,1.0000,0.0000
4,34,1.0000,0.0000,267.279,1667.041,101,0.396040,1.0000,0.0000
4,37,1.0000,0.0000,266.009,2033.688,101,0.425743,1.0000,0.0000
4,41,1.0000,0.0000,268.156,2493.729,101,0.465347,1.0000,0.0000
4,45,1.0000,0.0000,271.988,2317.329,101,0.504950,1.0000,0.0000
4,50,1.0000,0.0000,266.254,1880.585,101,0.554455,1.0000,0.0000
4,55,1.0000,0.0000,264.468,2040.095,101,0.603960,1.0000,0.0000
4,60,1.0000,0.0000,266.071,1408.934,101,0.653465,1.0000,0.0000
4,66,1.0000,0.0000,266.706,2399.787,101,0.712871,1.0000,0.0000
4,73,1.0000,0.0000,265.393,1764.806,101,0.782178,1.0000,0.0000
4,80,1.0000,0.0000,261.729,2273.801,101,0.851485,1.0000,0.0000
4,88,1.0000,0.0000,261.806,2103.855,101,0.930693,1.0000,0.0000
4,97,1.0000,0.0000,258.300,2234.088,101,1.019802,1.0000,0.0000
5,1,1.0000,0.0000,287.715,2256.586,101,0.084158,1.0000,0.0000
5,2,1.0000,0.0000,278.653,1640.074,101,0.094059,1.0000,0.0000
5,3,1.0000,0.0000,267.764,2096.638,101,0.103960,1.0000,0.0000
5,4,1.0000,0.0000,262.954,1406.308,101,0.113861,1.0000,0.0000
5,5,1.0000,0.0000,262.554,1844.845,101,0.123762,1.0000,0.0000
5,6,1.0000,0.0000,259.509,2030.468,101,0.133663,1.0000,0.0000
5,7,1.0000,0.0000,258.534,1716.217,101,0.143564,1.0000,0.0000
5,8,1.0000,0.0000,253.202,1937.167,101,0.153465,1.0000,0.0000
5,9,1.0000,0.0000,254.353,1955.232,101,0.163366,1.0000,0.0000
5,10,1.0000,0.0000,255.861,1894.190,101,0.173267,1.0000,0.0000
5,11,1.0000,0.0000,256.707,1928.285,101,0.183168,1.0000,0.0000
5,12,1.0000,0.0000,252.831,1750.154,101,0.193069,1.0000,0.0000
5,13,1.0000,0.0000,251.628,1954.040,101,0.202970,1.0000,0.0000
5,14,1.0000,0.0000,247.620,1659.796,101,0.212871,1.0000,0.0000
5,16,1.0000,0.0000,257.845,2592.521,101,0.232673,1.0000,0.0000
5,17,1.0000,0.0000,262.183,2944.069,101,0.242574,1.0000,0.0000
5,19,1.0000,0.0000,266.117,1885.194,101,0.262376,1.0000,0.0000
5,21,1.0000,0.0000,261.722,1807.069,101,0.282178,1.0000,0.0000
5,23,1.0000,0.0000,266.080,2855.960,101,0.301980,1.0000,0.0000
5,26,1.0000,0.0000,259.376,2263.729,101,0.331683,1.0000,0.0000
5,28,1.0000,0.0000,264.635,2293.177,101,0.351485,1.0000,0.0000
5,31,1.0000,0.0000,264.615,2180.040,101,0.381188,1.0000,0.0000
5,34,1.0000,0.0000,255.076,1833.106,101,0.410891,1.0000,0.0000
5,37,1.0000,0.0000,256.208,1755.641,101,0.440594,1.0000,0.0000
5,41,1.0000,0.0000,250.529,2314.809,101,0.480198,1.0000,0.0000
5,45,1.0000,0.0000,254.811,1882.379,101,0.519802,1.0000,0.0000
5,50,1.0000,0.0000,255.262,2255.723,101,0.569307,1.0000,0.0000
5,55,1.0000,0.0000,255.443,1410.587,101,0.618812,1.0000,0.0000
5,60,1.0000,0.0000,250.858,1159.378,101,0.668317,1.0000,0.0000
5,66,1.0000,0.0000,255.494,1622.019,101,0.727723,1.0000,0.0000
5,73,1.0000,0.0000,253.678,1532.504,101,0.797030,1.0000,0.0000
5,80,1.0000,0.0000,251.070,1569.595,101,0.866337,1.0000,0.0000
5,88,1.0000,0.0000,253.975,1750.552,101,0.945545,1.0000,0.0000
5,97,1.0000,0.0000,256.749,2303.520,101,1.034653,1.0000,0.0000
6,1,1.0000,0.0000,282.275,2097.475,101,0.099010,1.0000,0.0000
6,2,1.0000,0.0000,271.357,1666.153,101,0.108911,1.0000,0.0000
6,3,1.0000,0.0000,262.731,2453.433,101,0.118812,1.0000,0.0000
6,4,1.0000,0.0000,255.953,2312.942,101,0.128713,1.0000,0.0000
6,5,1.0000,0.0000,257.522,1961.655,101,0.138614,1.0000,0.0000
6,6,1.0000,0.0000,253.976,2170.899,101,0.148515,1.0000,0.0000
6,7,1.0000,0.0000,251.048,1867.531,101,0.158416,1.0000,0.0000
6,8,1.0000,0.0000,247.265,1840.944,101,0.168317,1.0000,0.0000
6,9,1.0000,0.0000,251.129,2188.293,101,0.178218,1.0000,0.0000
6,10,1.0000,0.0000,248.680,1297.271,101,0.188119,1.0000,0.0000
6,11,1.0000,0.0000,252.123,1110.049,101,0.198020,1.0000,0.0000
6,12,1.0000,0.0000,248.425,1747.380,101,0.207921,1.0000,0.0000
6,13,1.0000,0.0000,247.109,1888.661,101,0.217822,1.0000,0.0000
6,14,1.0000,0.0000,247.770,2372.201,101,0.227723,1.0000,0.0000
6,16,1.0000,0.0000,248.442,1496.917,101,0.247525,1.0000,0.0000
6,17,1.0000,0.0000,253.951,3175.290,101,0.257426,1.0000,0.0000
6,19,1.0000,0.0000,257.981,1831.877,101,0.277228,1.0000,0.0000
6,21,1.0000,0.0000,259.599,1838.565,101,0.297030,1.0000,0.0000
6,23,1.0000,0.0000,256.444,2670.379,101,0.316832,1.0000,0.0000
6,26,1.0000,0.0000,253.758,2083.348,101,0.346535,1.0000,0.0000
6,28,1.0000,0.0000,256.184,2452.574,101,0.366337,1.0000,0.0000
6,31,1.0000,0.0000,254.697,1866.130,101,0.396040,1.0000,0.0000
6,34,1.0000,0.0000,247.890,2720.532,101,0.425743,1.0000,0.0000
6,37,1.0000,0.0000,246.623,1750.048,101,0.455446,1.0000,0.0000
6,41,1.0000,0.0000,248.812,2221.145,101,0.495050,1.0000,0.0000
6,45,1.0000,0.0000,246.053,2349.951,101,0.534653,1.0000,0.0000
6,50,1.0000,0.0000,250.514,1783.959,101,0.584158,1.0000,0.0000
6,55,1.0000,0.0000,244.192,1325.968,101,0.633663,1.0000,0.0000
6,60,1.0000,0.0000,250.561,1554.045,101,0.683168,1.0000,0.0000
6,66,1.0000,0.0000,246.959,1131.685,101,0.742574,1.0000,0.0000
6,73,1.0000,0.0000,247.191,1470.243,101,0.811881,1.0000,0.0000
6,80,1.0000,0.0000,243.059,1715.280,101,0.881188,1.0000,0.0000
6,88,1.0000,0.0000,245.237,1639.806,101,0.960396,1.0000,0.0000
6,97,1.0000,0.0000,244.078,2342.246,101,1.049505,1.0000,0.0000
7,1,1.0000,0.0000,279.078,2461.416,101,0.113861,1.0000,0.0000
7,2,1.0000,0.0000,265.894,1793.987,101,0.123762,1.0000,0.0000
7,3,1.0000,0.0000,259.521,2262.075,101,0.133663,1.0000,0.0000
7,4,1.0000,0.0000,251.612,1700.465,101,0.143564,1.0000,0.0000
7,5,1.0000,0.0000,254.560,2214.761,101,0.153465,1.0000,0.0000
7,6,1.0000,0.0000,244.378,1888.986,101,0.163366,1.0000,0.0000
7,7,1.0000,0.0000,245.178,1902.080,101,0.173267,1.0000,0.0000
7,8,1.0000,0.0000,242.185,1416.246,101,0.183168,1.0000,0.0000
7,9,1.0000,0.0000,245.864,2308.898,101,0.193069,1.0000,0.0000
7,10,1.0000,0.0000,245.682,1644.678,101,0.202970,1.0000,0.0000
7,11,1.0000,0.0000,246.518,1657.610,101,0.212871,1.0000,0.0000
7,12,1.0000,0.0000,244.161,2424.882,101,0.222772,1.0000,0.0000
7,13,1.0000,0.0000,244.618,1790.468,101,0.232673,1.0000,0.0000
7,14,1.0000,0.0000,243.414,2278.844,101,0.242574,1.0000,0.0000
7,16,1.0000,0.0000,243.437,2387.322,101,0.262376,1.0000,0.0000
7,17,1.0000,0.0000,249.251,2155.675,101,0.272277,1.0000,0.0000
7,19,1.0000,0.0000,256.400,2480.016,101,0.292079,1.0000,0.0000
7,21,1.0000,0.0000,247.073,1920.984,101,0.311881,1.0000,0.0000
7,23,1.0000,0.0000,252.110,3048.707,101,0.331683,1.0000,0.0000
7,26,1.0000,0.0000,248.961,2247.521,101,0.361386,1.0000,0.0000
7,28,1.0000,0.0000,251.773,2607.095,101,0.381188,1.0000,0.0000
7,31,1.0000,0.0000,252.447,1882.158,101,0.410891,1.0000,0.0000
7,34,1.0000,0.0000,247.501,1685.899,101,0.440594,1.0000,0.0000
7,37,1.0000,0.0000,241.957,1804.604,101,0.470297,1.0000,0.0000
7,41,1.0000,0.0000,241.819,2852.930,101,0.509901,1.0000,0.0000
7,45,1.0000,0.0000,240.880,1586.294,101,0.549505,1.0000,0.0000
7,50,1.0000,0.0000,244.157,2219.586,101,0.599010,1.0000,0.0000
7,55,1.0000,0.0000,244.690,1483.287,101,0.648515,1.0000,0.0000
7,60,1.0000,0.0000,241.233,1191.171,101,0.698020,1.0000,0.0000
7,66,1.0000,0.0000,243.930,1737.948,101,0.757426,1.0000,0.0000
7,73,1.0000,0.0000,242.752,1892.664,101,0.826733,1.0000,0.0000
7,80,1.0000,0.0000,242.324,1659.378,101,0.896040,1.0000,0.0000
7,88,1.0000,0.0000,240.319,2141.140,101,0.975248,1.0000,0.0000
7,97,1.0000,0.0000,239.732,3136.879,101,1.064356,1.0000,0.0000
8,1,1.0000,0.0000,278.046,2816.162,101,0.128713,1.0000,0.0000
8,2,1.0000,0.0000,264.870,2146.802,101,0.138614,1.0000,0.0000
8,3,1.0000,0.0000,254.797,1588.196,101,0.148515,1.0000,0.0000
8,4,1.0000,0.0000,249.416,1786.284,101,0.158416,1.0000,0.0000
8,5,1.0000,0.0000,248.564,2031.711,101,0.168317,1.0000,0.0000
8,6,1.0000,0.0000,240.725,1879.622,101,0.178218,1.0000,0.0000
8,7,1.0000,0.0000,241.960,1859.702,101,0.188119,1.0000,0.0000
8,8,1.0000,0.0000,240.690,1218.569,101,0.198020,1.0000,0.0000
8,9,1.0000,0.0000,239.405,2086.145,101,0.207921,1.0000,0.0000
8,10,1.0000,0.0000,242.160,2077.851,101,0.217822,1.0000,0.0000
8,11,1.0000,0.0000,235.528,1674.282,101,0.227723,1.0000,0.0000
8,12,1.0000,0.0000,240.073,2271.294,101,0.237624,1.0000,0.0000
8,13,1.0000,0.0000,240.331,1814.441,101,0.247525,1.0000,0.0000
8,14,1.0000,0.0000,237.910,1974.483,101,0.257426,1.0000,0.0000
8,16,1.0000,0.0000,240.248,1784.457,101,0.277228,1.0000,0.0000
8,17,1.0000,0.0000,241.371,2642.701,101,0.287129,1.0000,0.0000
8,19,1.0000,0.0000,244.983,2340.140,101,0.306931,1.0000,0.0000
8,21,1.0000,0.0000,248.787,3191.126,101,0.326733,1.0000,0.0000
8,23,1.0000,0.0000,245.581,2213.251,101,0.346535,1.0000,0.0000
8,26,1.0000,0.0000,247.856,3082.557,101,0.376238,1.0000,0.0000
8,28,1.0000,0.0000,248.611,1749.007,101,0.396040,1.0000,0.0000
8,31,1.0000,0.0000,250.196,1852.124,101,0.425743,1.0000,0.0000
8,34,1.0000,0.0000,239.766,2515.512,101,0.455446,1.0000,0.0000
8,37,1.0000,0.0000,234.974,1987.227,101,0.485149,1.0000,0.0000
8,41,1.0000,0.0000,235.240,1882.410,101,0.524752,1.0000,0.0000
8,45,1.0000,0.0000,239.065,1624.346,101,0.564356,1.0000,0.0000
8,50,1.0000,0.0000,240.201,1911.829,101,0.613861,1.0000,0.0000
8,55,1.0000,0.0000,238.360,1691.394,101,0.663366,1.0000,0.0000
8,60,1.0000,0.0000,240.474,1485.163,101,0.712871,1.0000,0.0000
8,66,1.0000,0.0000,239.790,1764.285,101,0.772277,1.0000,0.0000
8,73,1.0000,0.0000,243.638,1837.940,101,0.841584,1.0000,0.0000
8,80,1.0000,0.0000,241.254,2358.790,101,0.910891,1.0000,0.0000
8,88,1.0000,0.0000,232.906,2134.512,101,0.990099,1.0000,0.0000
8,97,1.0000,0.0000,233.177,2195.881,101,1.079208,1.0000,0.0000
9,1,1.0000,0.0000,275.160,2927.228,101,0.143564,1.0000,0.0000
9,2,1.0000,0.0000,261.723,1651.975,101,0.153465,1.0000,0.0000
9,3,1.0000,0.0000,248.786,2340.801,101,0.163366,1.0000,0.0000
9,4,1.0000,0.0000,245.945,2015.362,101,0.173267,1.0000,0.0000
9,5,1.0000,0.0000,247.896,2108.385,101,0.183168,1.0000,0.0000
9,6,1.0000,0.0000,239.779,1818.749,101,0.193069,1.0000,0.0000
9,7,1.0000,0.0000,238.209,2054.424,101,0.202970,1.0000,0.0000
9,8,1.0000,0.0000,240.061,1970.385,101,0.212871,1.0000,0.0000
9,9,1.0000,0.0000,236.446,2025.201,101,0.222772,1.0000,0.0000
9,10,1.0000,0.0000,241.414,2391.185,101,0.232673,1.0000,0.0000
9,11,1.0000,0.0000,234.230,2252.560,101,0.242574,1.0000,0.0000
9,12,1.0000,0.0000,234.379,2445.505,101,0.252475,1.0000,0.0000
9,13,1.0000,0.0000,241.697,2664.001,101,0.262376,1.0000,0.0000
9,14,1.0000,0.0000,241.772,2471.249,101,0.272277,1.0000,0.0000
9,16,1.0000,0.0000,239.356,1789.826,101,0.292079,1.0000,0.0000
9,17,1.0000,0.0000,241.736,2686.686,101,0.301980,1.0000,0.0000
9,19,1.0000,0.0000,244.822,1694.602,101,0.321782,1.0000,0.0000
9,21,1.0000,0.0000,250.474,2693.775,101,0.341584,1.0000,0.0000
9,23,1.0000,0.0000,248.304,2827.586,101,0.361386,1.0000,0.0000
9,26,1.0000,0.0000,238.941,2380.536,101,0.391089,1.0000,0.0000
9,28,1.0000,0.0000,248.523,2081.483,101,0.410891,1.0000,0.0000
9,31,1.0000,0.0000,248.858,1690.712,101,0.440594,1.0000,0.0000
9,34,1.0000,0.0000,237.887,1617.427,101,0.470297,1.0000,0.0000
9,37,1.0000,0.0000,229.640,2416.616,101,0.500000,1.0000,0.0000
9,41,1.0000,0.0000,235.588,1897.200,101,0.539604,1.0000,0.0000
9,45,1.0000,0.0000,237.837,1896.564,101,0.579208,1.0000,0.0000
9,50,1.0000,0.0000,237.191,1910.475,101,0.628713,1.0000,0.0000
9,55,1.0000,0.0000,234.401,2018.287,101,0.678218,1.0000,0.0000
9,60,1.0000,0.0000,240.424,1440.987,101,0.727723,1.0000,0.0000
9,66,1.0000,0.0000,236.913,1882.912,101,0.787129,1.0000,0.0000
9,73,1.0000,0.0000,243.660,3908.454,101,0.856436,1.0000,0.0000
9,80,1.0000,0.0000,237.030,1726.115,101,0.925743,1.0000,0.0000
9,88,1.0000,0.0000,232.152,1807.808,101,1.004950,1.0000,0.0000
9,97,1.0000,0.0000,230.831,2251.141,101,1.094059,1.0000,0.0000
10,1,1.0000,0.0000,273.319,3013.493,101,0.158416,1.0000,0.0000
10,2,1.0000,0.0000,255.393,1211.057,101,0.168317,1.0000,0.0000
10,3,1.0000,0.0000,249.601,2069.347,101,0.178218,1.0000,0.0000
10,4,1.0000,0.0000,243.640,1832.829,101,0.188119,1.0000,0.0000
10,5,1.0000,0.0000,246.833,1980.498,101,0.198020,1.0000,0.0000
10,6,1.0000,0.0000,233.905,2325.489,101,0.207921,1.0000,0.0000
10,7,1.0000,0.0000,234.135,2117.003,101,0.217822,1.0000,0.0000
10,8,1.0000,0.0000,234.797,1593.740,101,0.227723,1.0000,0.0000
10,9,1.0000,0.0000,236.108,1649.542,101,0.237624,1.0000,0.0000
10,10,1.0000,0.0000,240.720,2131.141,101,0.247525,1.0000,0.0000
10,11,1.0000,0.0000,238.369,1781.285,101,0.257426,1.0000,0.0000
10,12,1.0000,0.0000,238.575,2707.600,101,0.267327,1.0000,0.0000
10,13,1.0000,0.0000,233.805,1522.835,101,0.277228,1.0000,0.0000
10,14,1.0000,0.0000,235.731,1888.091,101,0.287129,1.0000,0.0000
10,16,1.0000,0.0000,239.905,1996.527,101,0.306931,1.0000,0.0000
10,17,1.0000,0.0000,234.916,1830.392,101,0.316832,1.0000,0.0000
10,19,1.0000,0.0000,245.722,2729.462,101,0.336634,1.0000,0.0000
10,21,1.0000,0.0000,243.551,2413.520,101,0.356436,1.0000,0.0000
10,23,1.0000,0.0000,244.075,2290.609,101,0.376238,1.0000,0.0000
10,26,1.0000,0.0000,236.490,2505.644,101,0.405941,1.0000,0.0000
10,28,1.0000,0.0000,239.402,1570.673,101,0.425743,1.0000,0.0000
10,31,1.0000,0.0000,242.825,2069.644,101,0.455446,1.0000,0.0000
10,34,1.0000,0.0000,235.953,2122.962,101,0.485149,1.0000,0.0000
10,37,1.0000,0.0000,232.631,2659.573,101,0.514851,1.0000,0.0000
10,41,1.0000,0.0000,230.009,1791.458,101,0.554455,1.0000,0.0000
10,45,1.0000,0.0000,233.969,2190.614,101,0.594059,1.0000,0.0000
10,50,1.0000,0.0000,234.435,1732.432,101,0.643564,1.0000,0.0000
10,55,1.0000,0.0000,235.354,2845.144,101,0.693069,1.0000,0.0000
10,60,1.0000,0.0000,233.853,2178.951,101,0.742574,1.0000,0.0000
10,66,1.0000,0.0000,235.681,1497.340,101,0.801980,1.0000,0.0000
10,73,1.0000,0.0000,239.408,2751.879,101,0.871287,1.0000,0.0000
10,80,1.0000,0.0000,236.266,1680.255,101,0.940594,1.0000,0.0000
10,88,1.0000,0.0000,228.512,1642.608,101,1.019802,1.0000,0.0000
10,97,1.0000,0.0000,225.861,2625.413,101,1.108911,1.0000,0.0000
11,1,1.0000,0.0000,271.101,2449.596,101,0.173267,1.0000,0.0000
11,2,1.0000,0.0000,258.646,1827.173,101,0.183168,1.0000,0.0000
11,3,1.0000,0.0000,245.228,2481.442,101,0.193069,1.0000,0.0000
11,4,1.0000,0.0000,241.634,2496.979,101,0.202970,1.0000,0.0000
11,5,1.0000,0.0000,240.501,2047.685,101,0.212871,1.0000,0.0000
11,6,1.0000,0.0000,238.039,2310.437,101,0.222772,1.0000,0.0000
11,7,1.0000,0.0000,232.656,2499.713,101,0.232673,1.0000,0.0000
11,8,1.0000,0.0000,235.351,1565.305,101,0.242574,1.0000,0.0000
11,9,1.0000,0.0000,229.605,2061.508,101,0.252475,1.0000,0.0000
11,10,1.0000,0.0000,233.877,1694.548,101,0.262376,1.0000,0.0000
11,11,1.0000,0.0000,229.416,1895.048,101,0.272277,1.0000,0.0000
11,12,1.0000,0.0000,231.749,2007.814,101,0.282178,1.0000,0.0000
11,13,1.0000,0.0000,231.406,2940.246,101,0.292079,1.0000,0.0000
11,14,1.0000,0.0000,227.866,2178.641,101,0.301980,1.0000,0.0000
11,16,1.0000,0.0000,241.232,2802.406,101,0.321782,1.0000,0.0000
11,17,1.0000,0.0000,240.066,2741.024,101,0.331683,1.0000,0.0000
11,19,1.0000,0.0000,249.794,3734.638,101,0.351485,1.0000,0.0000
11,21,1.0000,0.0000,235.843,2774.632,101,0.371287,1.0000,0.0000
11,23,1.0000,0.0000,235.683,2129.039,101,0.391089,1.0000,0.0000
11,26,1.0000,0.0000,236.051,2617.547,101,0.420792,1.0000,0.0000
11,28,1.0000,0.0000,240.530,2161.356,101,0.440594,1.0000,0.0000
11,31,1.0000,0.0000,237.909,1942.412,101,0.470297,1.0000,0.0000
11,34,1.0000,0.0000,234.003,1789.342,101,0.500000,1.0000,0.0000
11,37,1.0000,0.0000,229.676,2657.044,101,0.529703,1.0000,0.0000
11,41,1.0000,0.0000,222.146,1611.093,101,0.569307,1.0000,0.0000
11,45,1.0000,0.0000,232.851,2024.285,101,0.608911,1.0000,0.0000
11,50,1.0000,0.0000,229.388,1979.648,101,0.658416,1.0000,0.0000
11,55,1.0000,0.0000,231.595,2100.022,101,0.707921,1.0000,0.0000
11,60,1.0000,0.0000,234.119,1885.089,101,0.757426,1.0000,0.0000
11,66,1.0000,0.0000,235.132,1811.875,101,0.816832,1.0000,0.0000
11,73,1.0000,0.0000,242.216,2491.612,101,0.886139,1.0000,0.0000
11,80,1.0000,0.0000,231.707,2157.000,101,0.955446,1.0000,0.0000
11,88,1.0000,0.0000,221.688,1665.363,101,1.034653,1.0000,0.0000
11,97,1.0000,0.0000,228.082,2754.718,101,1.123762,1.0000,0.0000
12,1,1.0000,0.0000,269.288,2429.909,101,0.188119,1.0000,0.0000
12,2,1.0000,0.0000,256.904,1713.456,101,0.198020,1.0000,0.0000
12,3,1.0000,0.0000,247.069,2258.968,101,0.207921,1.0000,0.0000
12,4,1.0000,0.0000,238.006,2209.010,101,0.217822,1.0000,0.0000
12,5,1.0000,0.0000,237.898,2562.433,101,0.227723,1.0000,0.0000
12,6,1.0000,0.0000,231.905,2161.079,101,0.237624,1.0000,0.0000
12,7,1.0000,0.0000,231.103,1959.318,101,0.247525,1.0000,0.0000
12,8,1.0000,0.0000,234.890,1848.416,101,0.257426,1.0000,0.0000
12,9,1.0000,0.0000,234.526,2504.735,101,0.267327,1.0000,0.0000
12,10,1.0000,0.0000,230.059,1759.270,101,0.277228,1.0000,0.0000
12,11,1.0000,0.0000,225.273,3657.895,101,0.287129,1.0000,0.0000
12,12,1.0000,0.0000,228.125,2427.473,101,0.297030,1.0000,0.0000
12,13,1.0000,0.0000,234.995,2058.342,101,0.306931,1.0000,0.0000
12,14,1.0000,0.0000,233.071,2165.347,101,0.316832,1.0000,0.0000
12,16,1.0000,0.0000,232.904,2083.048,101,0.336634,1.0000,0.0000
12,17,1.0000,0.0000,230.601,2917.106,101,0.346535,1.0000,0.0000
12,19,1.0000,0.0000,244.903,2778.708,101,0.366337,1.0000,0.0000
12,21,1.0000,0.0000,236.717,2863.104,101,0.386139,1.0000,0.0000
12,23,1.0000,0.0000,235.323,2720.096,101,0.405941,1.0000,0.0000
12,26,1.0000,0.0000,240.483,2509.804,101,0.435644,1.0000,0.0000
12,28,1.0000,0.0000,243.206,2421.967,101,0.455446,1.0000,0.0000
12,31,1.0000,0.0000,238.048,1882.197,101,0.485149,1.0000,0.0000
12,34,1.0000,0.0000,239.479,3341.896,101,0.514851,1.0000,0.0000
12,37,1.0000,0.0000,222.500,2669.789,101,0.544554,1.0000,0.0000
12,41,1.0000,0.0000,224.646,1889.292,101,0.584158,1.0000,0.0000
12,45,1.0000,0.0000,222.395,2023.073,101,0.623762,1.0000,0.0000
12,50,1.0000,0.0000,229.800,2415.706,101,0.673267,1.0000,0.0000
12,55,1.0000,0.0000,229.583,1990.500,101,0.722772,1.0000,0.0000
12,60,1.0000,0.0000,231.574,1867.235,101,0.772277,1.0000,0.0000
12,66,1.0000,0.0000,230.712,2042.438,101,0.831683,1.0000,0.0000
12,73,1.0000,0.0000,237.703,2784.855,101,0.900990,1.0000,0.0000
12,80,1.0000,0.0000,229.834,2299.985,101,0.970297,1.0000,0.0000
12,88,1.0000,0.0000,226.001,1916.046,101,1.049505,1.0000,0.0000
12,97,1.0000,0.0000,223.987,2472.973,101,1.138614,1.0000,0.0000
13,1,1.0000,0.0000,270.862,2385.395,101,0.202970,1.0000,0.0000
13,2,1.0000,0.0000,253.377,2907.184,101,0.212871,1.0000,0.0000
13,3,1.0000,0.0000,245.543,2344.432,101,0.222772,1.0000,0.0000
13,4,1.0000,0.0000,236.341,2600.744,101,0.232673,1.0000,0.0000
13,5,1.0000,0.0000,237.671,2471.498,101,0.242574,1.0000,0.0000
13,6,1.0000,0.0000,232.468,2058.213,101,0.252475,1.0000,0.0000
13,7,1.0000,0.0000,227.495,2119.305,101,0.262376,1.0000,0.0000
13,8,1.0000,0.0000,230.720,1919.414,101,0.272277,1.0000,0.0000
13,9,1.0000,0.0000,233.099,3155.676,101,0.282178,1.0000,0.0000
13,10,1.0000,0.0000,230.517,2001.853,101,0.292079,1.0000,0.0000
13,11,1.0000,0.0000,226.897,2700.003,101,0.301980,1.0000,0.0000
13,12,1.0000,0.0000,229.382,2713.333,101,0.311881,1.0000,0.0000
13,13,1.0000,0.0000,233.593,1663.451,101,0.321782,1.0000,0.0000
13,14,1.0000,0.0000,230.986,2527.833,101,0.331683,1.0000,0.0000
13,16,1.0000,0.0000,230.669,2974.558,101,0.351485,1.0000,0.0000
13,17,1.0000,0.0000,231.249,2314.631,101,0.361386,1.0000,0.0000
13,19,1.0000,0.0000,241.003,2469.216,101,0.381188,1.0000,0.0000
13,21,1.0000,0.0000,237.209,2549.171,101,0.400990,1.0000,0.0000
13,23,1.0000,0.0000,238.118,2386.838,101,0.420792,1.0000,0.0000
13,26,1.0000,0.0000,235.078,2403.555,101,0.450495,1.0000,0.0000
13,28,1.0000,0.0000,241.120,2743.031,101,0.470297,1.0000,0.0000
13,31,1.0000,0.0000,235.378,1854.523,101,0.500000,1.0000,0.0000
13,34,1.0000,0.0000,235.382,1861.996,101,0.529703,1.0000,0.0000
13,37,1.0000,0.0000,224.974,2511.877,101,0.559406,1.0000,0.0000
13,41,1.0000,0.0000,215.395,1728.418,101,0.599010,1.0000,0.0000
13,45,1.0000,0.0000,226.281,2056.434,101,0.638614,1.0000,0.0000
13,50,1.0000,0.0000,222.178,2383.532,101,0.688119,1.0000,0.0000
13,55,1.0000,0.0000,227.937,2245.543,101,0.737624,1.0000,0.0000
13,60,1.0000,0.0000,229.689,1846.725,101,0.787129,1.0000,0.0000
13,66,1.0000,0.0000,231.722,1663.628,101,0.846535,1.0000,0.0000
13,73,1.0000,0.0000,236.800,2161.171,101,0.915842,1.0000,0.0000
13,80,1.0000,0.0000,234.858,1972.324,101,0.985149,1.0000,0.0000
13,88,1.0000,0.0000,220.452,1614.439,101,1.064356,1.0000,0.0000
13,97,1.0000,0.0000,219.480,1943.345,101,1.153465,1.0000,0.0000
14,1,1.0000,0.0000,274.692,2471.036,101,0.217822,1.0000,0.0000
14,2,1.0000,0.0000,255.851,2235.997,101,0.227723,1.0000,0.0000
14,3,1.0000,0.0000,237.085,2446.453,101,0.237624,1.0000,0.0000
14,4,1.0000,0.0000,243.204,2194.769,101,0.247525,1.0000,0.0000
14,5,1.0000,0.0000,236.182,1785.354,101,0.257426,1.0000,0.0000
14,6,1.0000,0.0000,234.534,1913.537,101,0.267327,1.0000,0.0000
14,7,1.0000,0.0000,229.186,2466.158,101,0.277228,1.0000,0.0000
14,8,1.0000,0.0000,232.829,2621.652,101,0.287129,1.0000,0.0000
14,9,1.0000,0.0000,229.039,2419.634,101,0.297030,1.0000,0.0000
14,10,1.0000,0.0000,223.721,1587.814,101,0.306931,1.0000,0.0000
14,11,1.0000,0.0000,231.764,3413.681,101,0.316832,1.0000,0.0000
14,12,1.0000,0.0000,229.277,2548.344,101,0.326733,1.0000,0.0000
14,13,1.0000,0.0000,232.690,2257.691,101,0.336634,1.0000,0.0000
14,14,1.0000,0.0000,227.214,2030.646,101,0.346535,1.0000,0.0000
14,16,1.0000,0.0000,231.335,3252.377,101,0.366337,1.0000,0.0000
14,17,1.0000,0.0000,235.196,2483.263,101,0.376238,1.0000,0.0000
14,19,1.0000,0.0000,238.845,2632.914,101,0.396040,1.0000,0.0000
14,21,1.0000,0.0000,236.917,3267.693,101,0.415842,1.0000,0.0000
14,23,1.0000,0.0000,230.147,2477.985,101,0.435644,1.0000,0.0000
14,26,1.0000,0.0000,236.159,2914.017,101,0.465347,1.0000,0.0000
14,28,1.0000,0.0000,235.836,2525.231,101,0.485149,1.0000,0.0000
14,31,1.0000,0.0000,231.318,1901.553,101,0.514851,1.0000,0.0000
14,34,1.0000,0.0000,231.093,1765.552,101,0.544554,1.0000,0.0000
14,37,1.0000,0.0000,219.554,2346.621,101,0.574257,1.0000,0.0000
14,41,1.0000,0.0000,215.852,2190.340,101,0.613861,1.0000,0.0000
14,45,1.0000,0.0000,228.579,3234.211,101,0.653465,1.0000,0.0000
14,50,1.0000,0.0000,221.943,2847.373,101,0.702970,1.0000,0.0000
14,55,1.0000,0.0000,233.959,2336.997,101,0.752475,1.0000,0.0000
14,60,1.0000,0.0000,223.545,1570.376,101,0.801980,1.0000,0.0000
14,66,1.0000,0.0000,230.361,1628.454,101,0.861386,1.0000,0.0000
14,73,1.0000,0.0000,232.373,2135.715,101,0.930693,1.0000,0.0000
14,80,1.0000,0.0000,224.550,1803.187,101,1.000000,1.0000,0.0000
14,88,1.0000,0.0000,227.928,2011.616,101,1.079208,1.0000,0.0000
14,97,1.0000,0.0000,219.226,1834.292,101,1.168317,1.0000,0.0000
16,1,1.0000,0.0000,267.768,1774.356,101,0.247525,1.0000,0.0000
16,2,1.0000,0.0000,249.525,1724.659,101,0.257426,1.0000,0.0000
16,3,1.0000,0.0000,237.634,2190.348,101,0.267327,1.0000,0.0000
16,4,1.0000,0.0000,234.169,2712.098,101,0.277228,1.0000,0.0000
16,5,1.0000,0.0000,232.359,1946.210,101,0.287129,1.0000,0.0000
16,6,1.0000,0.0000,231.916,2600.365,101,0.297030,1.0000,0.0000
16,7,1.0000,0.0000,232.538,2312.829,101,0.306931,1.0000,0.0000
16,8,1.0000,0.0000,232.966,1867.910,101,0.316832,1.0000,0.0000
16,9,1.0000,0.0000,224.215,2045.773,101,0.326733,1.0000,0.0000
16,10,1.0000,0.0000,227.809,2008.955,101,0.336634,1.0000,0.0000
16,11,1.0000,0.0000,231.964,2856.416,101,0.346535,1.0000,0.0000
16,12,1.0000,0.0000,221.170,1952.418,101,0.356436,1.0000,0.0000
16,13,1.0000,0.0000,228.122,1869.001,101,0.366337,1.0000,0.0000
16,14,1.0000,0.0000,222.423,1968.816,101,0.376238,1.0000,0.0000
16,16,1.0000,0.0000,228.743,2972.367,101,0.396040,1.0000,0.0000
16,17,1.0000,0.0000,227.580,1806.330,101,0.405941,1.0000,0.0000
16,19,1.0000,0.0000,240.040,2585.484,101,0.425743,1.0000,0.0000
16,21,1.0000,0.0000,237.065,3381.393,101,0.445545,1.0000,0.0000
16,23,1.0000,0.0000,227.329,2357.134,101,0.465347,1.0000,0.0000
16,26,1.0000,0.0000,230.048,2480.729,101,0.495050,1.0000,0.0000
16,28,1.0000,0.0000,234.297,1921.238,101,0.514851,1.0000,0.0000
16,31,1.0000,0.0000,232.032,2375.770,101,0.544554,1.0000,0.0000
16,34,1.0000,0.0000,229.907,2200.624,101,0.574257,1.0000,0.0000
16,37,1.0000,0.0000,223.172,1973.688,101,0.603960,1.0000,0.0000
16,41,1.0000,0.0000,221.467,3123.668,101,0.643564,1.0000,0.0000
16,45,1.0000,0.0000,222.545,2936.743,101,0.683168,1.0000,0.0000
16,50,1.0000,0.0000,220.589,2202.813,101,0.732673,1.0000,0.0000
16,55,1.0000,0.0000,226.978,2836.954,101,0.782178,1.0000,0.0000
16,60,1.0000,0.0000,225.804,1671.822,101,0.831683,1.0000,0.0000
16,66,1.0000,0.0000,225.570,1881.591,101,0.891089,1.0000,0.0000
16,73,1.0000,0.0000,231.449,2125.978,101,0.960396,1.0000,0.0000
16,80,1.0000,0.0000,229.551,2237.709,101,1.029703,1.0000,0.0000
16,88,1.0000,0.0000,224.145,2456.862,101,1.108911,1.0000,0.0000
16,97,1.0000,0.0000,220.095,2198.673,101,1.198020,1.0000,0.0000
17,1,1.0000,0.0000,270.996,2172.504,101,0.262376,1.0000,0.0000
17,2,1.0000,0.0000,257.144,2258.648,101,0.272277,1.0000,0.0000
17,3,1.0000,0.0000,244.973,2947.198,101,0.282178,1.0000,0.0000
17,4,1.0000,0.0000,240.412,2470.274,101,0.292079,1.0000,0.0000
17,5,1.0000,0.0000,234.439,1847.190,101,0.301980,1.0000,0.0000
17,6,1.0000,0.0000,233.885,2122.297,101,0.311881,1.0000,0.0000
17,7,1.0000,0.0000,231.604,2259.148,101,0.321782,1.0000,0.0000
17,8,1.0000,0.0000,234.367,1967.814,101,0.331683,1.0000,0.0000
17,9,1.0000,0.0000,229.297,2181.906,101,0.341584,1.0000,0.0000
17,10,1.0000,0.0000,227.138,1868.922,101,0.351485,1.0000,0.0000
17,11,1.0000,0.0000,227.782,3110.744,101,0.361386,1.0000,0.0000
17,12,1.0000,0.0000,224.672,2218.245,101,0.371287,1.0000,0.0000
17,13,1.0000,0.0000,230.621,2171.221,101,0.381188,1.0000,0.0000
17,14,1.0000,0.0000,227.702,2421.495,101,0.391089,1.0000,0.0000
17,16,1.0000,0.0000,231.949,2419.659,101,0.410891,1.0000,0.0000
17,17,1.0000,0.0000,232.662,2338.914,101,0.420792,1.0000,0.0000
17,19,1.0000,0.0000,240.622,3020.782,101,0.440594,1.0000,0.0000
17,21,1.0000,0.0000,233.313,3146.447,101,0.460396,1.0000,0.0000
17,23,1.0000,0.0000,234.572,2294.523,101,0.480198,1.0000,0.0000
17,26,1.0000,0.0000,233.585,2849.012,101,0.509901,1.0000,0.0000
17,28,1.0000,0.0000,237.892,2036.644,101,0.529703,1.0000,0.0000
17,31,1.0000,0.0000,234.483,2828.742,101,0.559406,1.0000,0.0000
17,34,1.0000,0.0000,231.037,1727.284,101,0.589109,1.0000,0.0000
17,37,1.0000,0.0000,226.782,2316.713,101,0.618812,1.0000,0.0000
17,41,1.0000,0.0000,222.155,1895.963,101,0.658416,1.0000,0.0000
17,45,1.0000,0.0000,222.970,2828.454,101,0.698020,1.0000,0.0000
17,50,1.0000,0.0000,220.409,2438.442,101,0.747525,1.0000,0.0000
17,55,1.0000,0.0000,225.437,2611.885,101,0.797030,1.0000,0.0000
17,60,1.0000,0.0000,229.205,1709.755,101,0.846535,1.0000,0.0000
17,66,1.0000,0.0000,229.232,1984.190,101,0.905941,1.0000,0.0000
17,73,1.0000,0.0000,234.892,1850.513,101,0.975248,1.0000,0.0000
17,80,1.0000,0.0000,230.712,1978.389,101,1.044554,1.0000,0.0000
17,88,1.0000,0.0000,230.076,3188.111,101,1.123762,1.0000,0.0000
17,97,1.0000,0.0000,217.950,2171.430,101,1.212871,1.0000,0.0000
19,1,1.0000,0.0000,276.284,2306.565,101,0.292079,1.0000,0.0000
19,2,1.0000,0.0000,256.567,2362.869,101,0.301980,1.0000,0.0000
19,3,1.0000,0.0000,245.160,2502.626,101,0.311881,1.0000,0.0000
19,4,1.0000,0.0000,234.689,2015.381,101,0.321782,1.0000,0.0000
19,5,1.0000,0.0000,239.704,2194.156,101,0.331683,1.0000,0.0000
19,6,1.0000,0.0000,233.041,2264.625,101,0.341584,1.0000,0.0000
19,7,1.0000,0.0000,227.079,2538.275,101,0.351485,1.0000,0.0000
19,8,1.0000,0.0000,232.561,1794.763,101,0.361386,1.0000,0.0000
19,9,1.0000,0.0000,226.740,1952.341,101,0.371287,1.0000,0.0000
19,10,1.0000,0.0000,222.340,2318.632,101,0.381188,1.0000,0.0000
19,11,1.0000,0.0000,226.567,2552.788,101,0.391089,1.0000,0.0000
19,12,1.0000,0.0000,223.171,2668.530,101,0.400990,1.0000,0.0000
19,13,1.0000,0.0000,220.789,2619.040,101,0.410891,1.0000,0.0000
19,14,1.0000,0.0000,225.315,2162.662,101,0.420792,1.0000,0.0000
19,16,1.0000,0.0000,238.873,2948.125,101,0.440594,1.0000,0.0000
19,17,1.0000,0.0000,232.812,2372.271,101,0.450495,1.0000,0.0000
19,19,1.0000,0.0000,241.068,2561.679,101,0.470297,1.0000,0.0000
19,21,1.0000,0.0000,235.151,3684.097,101,0.490099,1.0000,0.0000
19,23,1.0000,0.0000,227.266,2623.550,101,0.509901,1.0000,0.0000
19,26,1.0000,0.0000,230.796,2428.942,101,0.539604,1.0000,0.0000
19,28,1.0000,0.0000,233.560,2171.410,101,0.559406,1.0000,0.0000
19,31,1.0000,0.0000,233.340,3255.438,101,0.589109,1.0000,0.0000
19,34,1.0000,0.0000,233.352,2466.501,101,0.618812,1.0000,0.0000
19,37,1.0000,0.0000,232.322,2584.787,101,0.648515,1.0000,0.0000
19,41,1.0000,0.0000,221.223,2352.066,101,0.688119,1.0000,0.0000
19,45,1.0000,0.0000,221.767,2685.573,101,0.727723,1.0000,0.0000
19,50,1.0000,0.0000,217.423,2538.763,101,0.777228,1.0000,0.0000
19,55,1.0000,0.0000,232.495,2576.200,101,0.826733,1.0000,0.0000
19,60,1.0000,0.0000,226.562,2444.592,101,0.876238,1.0000,0.0000
19,66,1.0000,0.0000,223.107,1840.127,101,0.935644,1.0000,0.0000
19,73,1.0000,0.0000,227.312,2016.950,101,1.004950,1.0000,0.0000
19,80,1.0000,0.0000,229.693,2134.724,101,1.074257,1.0000,0.0000
19,88,1.0000,0.0000,224.075,2135.472,101,1.153465,1.0000,0.0000
19,97,1.0000,0.0000,223.842,2402.447,101,1.242574,1.0000,0.0000
21,1,1.0000,0.0000,275.419,2024.129,101,0.321782,1.0000,0.0000
21,2,1.0000,0.0000,263.247,2519.216,101,0.331683,1.0000,0.0000
21,3,1.0000,0.0000,245.518,2440.840,101,0.341584,1.0000,0.0000
21,4,1.0000,0.0000,237.090,2328.832,101,0.351485,1.0000,0.0000
21,5,1.0000,0.0000,238.038,2325.956,101,0.361386,1.0000,0.0000
21,6,1.0000,0.0000,233.709,2153.611,101,0.371287,1.0000,0.0000
21,7,1.0000,0.0000,230.130,1969.258,101,0.381188,1.0000,0.0000
21,8,1.0000,0.0000,232.630,1735.385,101,0.391089,1.0000,0.0000
21,9,1.0000,0.0000,229.426,1884.499,101,0.400990,1.0000,0.0000
21,10,1.0000,0.0000,234.256,2204.020,101,0.410891,1.0000,0.0000
21,11,1.0000,0.0000,223.537,2321.268,101,0.420792,1.0000,0.0000
21,12,1.0000,0.0000,222.704,1850.357,101,0.430693,1.0000,0.0000
21,13,1.0000,0.0000,224.124,2158.304,101,0.440594,1.0000,0.0000
21,14,1.0000,0.0000,227.799,1936.243,101,0.450495,1.0000,0.0000
21,16,1.0000,0.0000,235.121,2653.488,101,0.470297,1.0000,0.0000
21,17,1.0000,0.0000,230.244,2297.942,101,0.480198,1.0000,0.0000
21,19,1.0000,0.0000,241.693,2836.880,101,0.500000,1.0000,0.0000
21,21,1.0000,0.0000,232.553,3320.011,101,0.519802,1.0000,0.0000
21,23,1.0000,0.0000,225.356,2440.541,101,0.539604,1.0000,0.0000
21,26,1.0000,0.0000,228.189,3066.367,101,0.569307,1.0000,0.0000
21,28,1.0000,0.0000,231.422,2004.694,101,0.589109,1.0000,0.0000
21,31,1.0000,0.0000,230.758,2873.352,101,0.618812,1.0000,0.0000
21,34,1.0000,0.0000,222.928,1813.539,101,0.648515,1.0000,0.0000
21,37,1.0000,0.0000,228.034,2372.102,101,0.678218,1.0000,0.0000
21,41,1.0000,0.0000,212.162,2345.622,101,0.717822,1.0000,0.0000
21,45,1.0000,0.0000,226.639,2841.880,101,0.757426,1.0000,0.0000
21,50,1.0000,0.0000,214.960,3026.277,101,0.806931,1.0000,0.0000
21,55,1.0000,0.0000,226.454,2424.869,101,0.856436,1.0000,0.0000
21,60,1.0000,0.0000,224.558,2038.055,101,0.905941,1.0000,0.0000
21,66,1.0000,0.0000,226.535,1968.681,101,0.965347,1.0000,0.0000
21,73,1.0000,0.0000,231.263,4781.674,101,1.034653,1.0000,0.0000
21,80,1.0000,0.0000,225.001,1592.297,101,1.103960,1.0000,0.0000
21,88,1.0000,0.0000,226.251,1989.337,101,1.183168,1.0000,0.0000
21,97,1.0000,0.0000,218.467,1806.056,101,1.272277,1.0000,0.0000
23,1,1.0000,0.0000,278.937,2134.149,101,0.351485,1.0000,0.0000
23,2,1.0000,0.0000,256.407,2297.257,101,0.361386,1.0000,0.0000
23,3,1.0000,0.0000,243.718,2123.940,101,0.371287,1.0000,0.0000
23,4,1.0000,0.0000,239.528,2660.375,101,0.381188,1.0000,0.0000
23,5,1.0000,0.0000,234.140,2034.778,101,0.391089,1.0000,0.0000
23,6,1.0000,0.0000,228.565,2288.845,101,0.400990,1.0000,0.0000
23,7,1.0000,0.0000,230.777,2410.484,101,0.410891,1.0000,0.0000
23,8,1.0000,0.0000,232.880,1949.864,101,0.420792,1.0000,0.0000
23,9,1.0000,0.0000,227.610,1530.786,101,0.430693,1.0000,0.0000
23,10,1.0000,0.0000,233.407,3164.948,101,0.440594,1.0000,0.0000
23,11,1.0000,0.0000,226.936,2940.368,101,0.450495,1.0000,0.0000
23,12,1.0000,0.0000,227.004,3050.408,101,0.460396,1.0000,0.0000
23,13,1.0000,0.0000,225.730,2325.618,101,0.470297,1.0000,0.0000
23,14,1.0000,0.0000,229.520,2124.236,101,0.480198,1.0000,0.0000
23,16,1.0000,0.0000,236.897,3375.250,101,0.500000,1.0000,0.0000
23,17,1.0000,0.0000,233.147,3030.761,101,0.509901,1.0000,0.0000
23,19,1.0000,0.0000,242.897,3604.664,101,0.529703,1.0000,0.0000
23,21,1.0000,0.0000,227.593,3122.943,101,0.549505,1.0000,0.0000
23,23,1.0000,0.0000,222.413,2825.400,101,0.569307,1.0000,0.0000
23,26,1.0000,0.0000,230.524,3890.906,101,0.599010,1.0000,0.0000
23,28,1.0000,0.0000,230.577,2088.495,101,0.618812,1.0000,0.0000
23,31,1.0000,0.0000,232.546,2921.712,101,0.648515,1.0000,0.0000
23,34,1.0000,0.0000,226.797,2597.764,101,0.678218,1.0000,0.0000
23,37,1.0000,0.0000,230.156,2249.644,101,0.707921,1.0000,0.0000
23,41,1.0000,0.0000,210.778,1881.236,101,0.747525,1.0000,0.0000
23,45,1.0000,0.0000,225.460,3036.137,101,0.787129,1.0000,0.0000
23,50,1.0000,0.0000,217.477,3488.267,101,0.836634,1.0000,0.0000
23,55,1.0000,0.0000,220.494,2631.510,101,0.886139,1.0000,0.0000
23,60,1.0000,0.0000,225.068,2564.636,101,0.935644,1.0000,0.0000
23,66,1.0000,0.0000,227.980,1439.500,101,0.995050,1.0000,0.0000
23,73,1.0000,0.0000,229.201,3104.386,101,1.064356,1.0000,0.0000
23,80,1.0000,0.0000,231.188,2808.863,101,1.133663,1.0000,0.0000
23,88,1.0000,0.0000,233.288,2495.316,101,1.212871,1.0000,0.0000
23,97,1.0000,0.0000,223.388,1651.771,101,1.301980,1.0000,0.0000
26,1,1.0000,0.0000,281.777,2551.173,101,0.396040,1.0000,0.0000
26,2,1.0000,0.0000,267.329,2409.459,101,0.405941,1.0000,0.0000
26,3,1.0000,0.0000,246.545,2281.894,101,0.415842,1.0000,0.0000
26,4,1.0000,0.0000,240.275,2865.929,101,0.425743,1.0000,0.0000
26,5,1.0000,0.0000,241.693,2515.531,101,0.435644,1.0000,0.0000
26,6,1.0000,0.0000,233.425,2639.793,101,0.445545,1.0000,0.0000
26,7,1.0000,0.0000,240.458,2554.413,101,0.455446,1.0000,0.0000
26,8,1.0000,0.0000,240.082,1979.529,101,0.465347,1.0000,0.0000
26,9,1.0000,0.0000,232.110,1806.432,101,0.475248,1.0000,0.0000
26,10,1.0000,0.0000,229.204,1964.077,101,0.485149,1.0000,0.0000
26,11,1.0000,0.0000,231.462,3141.234,101,0.495050,1.0000,0.0000
26,12,1.0000,0.0000,233.301,3106.808,101,0.504950,1.0000,0.0000
26,13,1.0000,0.0000,232.088,2174.490,101,0.514851,1.0000,0.0000
26,14,1.0000,0.0000,232.172,1953.754,101,0.524752,1.0000,0.0000
26,16,1.0000,0.0000,237.939,2804.884,101,0.544554,1.0000,0.0000
26,17,1.0000,0.0000,233.146,2186.211,101,0.554455,1.0000,0.0000
26,19,1.0000,0.0000,240.098,3645.293,101,0.574257,1.0000,0.0000
26,21,1.0000,0.0000,232.587,2758.167,101,0.594059,1.0000,0.0000
26,23,1.0000,0.0000,229.346,3674.959,101,0.613861,1.0000,0.0000
26,26,1.0000,0.0000,231.132,3132.143,101,0.643564,1.0000,0.0000
26,28,1.0000,0.0000,228.965,1952.049,101,0.663366,1.0000,0.0000
26,31,1.0000,0.0000,237.067,2583.817,101,0.693069,1.0000,0.0000
26,34,1.0000,0.0000,235.607,2689.464,101,0.722772,1.0000,0.0000
26,37,1.0000,0.0000,231.736,2168.611,101,0.752475,1.0000,0.0000
26,41,1.0000,0.0000,215.174,2039.483,101,0.792079,1.0000,0.0000
26,45,1.0000,0.0000,229.506,4081.222,101,0.831683,1.0000,0.0000
26,50,1.0000,0.0000,212.109,2961.470,101,0.881188,1.0000,0.0000
26,55,1.0000,0.0000,221.775,2536.477,101,0.930693,1.0000,0.0000
26,60,1.0000,0.0000,223.809,2685.959,101,0.980198,1.0000,0.0000
26,66,1.0000,0.0000,227.750,2276.957,101,1.039604,1.0000,0.0000
26,73,1.0000,0.0000,236.437,2619.036,101,1.108911,1.0000,0.0000
26,80,1.0000,0.0000,228.899,2099.753,101,1.178218,1.0000,0.0000
26,88,0.9991,0.0000,232.532,2637.374,101,1.257426,0.9991,0.0000
26,97,0.9991,0.0000,225.550,2042.620,101,1.346535,0.9991,0.0000
28,1,1.0000,0.0000,285.177,1941.675,101,0.425743,1.0000,0.0000
28,2,1.0000,0.0000,270.787,2918.922,101,0.435644,1.0000,0.0000
28,3,1.0000,0.0000,249.799,2673.271,101,0.445545,1.0000,0.0000
28,4,1.0000,0.0000,238.020,2228.497,101,0.455446,1.0000,0.0000
28,5,1.0000,0.0000,241.713,2422.067,101,0.465347,1.0000,0.0000
28,6,1.0000,0.0000,234.184,2101.813,101,0.475248,1.0000,0.0000
28,7,1.0000,0.0000,234.964,1941.778,101,0.485149,1.0000,0.0000
28,8,1.0000,0.0000,237.992,1724.111,101,0.495050,1.0000,0.0000
28,9,1.0000,0.0000,236.505,3696.505,101,0.504950,1.0000,0.0000
28,10,1.0000,0.0000,233.888,2265.857,101,0.514851,1.0000,0.0000
28,11,1.0000,0.0000,232.472,2692.559,101,0.524752,1.0000,0.0000
28,12,1.0000,0.0000,234.273,3117.810,101,0.534653,1.0000,0.0000
28,13,1.0000,0.0000,231.810,2144.067,101,0.544554,1.0000,0.0000
28,14,1.0000,0.0000,235.459,2224.775,101,0.554455,1.0000,0.0000
28,16,1.0000,0.0000,236.124,2139.549,101,0.574257,1.0000,0.0000
28,17,1.0000,0.0000,235.658,3409.794,101,0.584158,1.0000,0.0000
28,19,1.0000,0.0000,232.934,3132.912,101,0.603960,1.0000,0.0000
28,21,1.0000,0.0000,231.694,2594.093,101,0.623762,1.0000,0.0000
28,23,1.0000,0.0000,227.694,3583.293,101,0.643564,1.0000,0.0000
28,26,1.0000,0.0000,227.658,2340.233,101,0.673267,1.0000,0.0000
28,28,1.0000,0.0000,232.300,2648.940,101,0.693069,1.0000,0.0000
28,31,1.0000,0.0000,237.093,2617.534,101,0.722772,1.0000,0.0000
28,34,1.0000,0.0000,236.841,2324.138,101,0.752475,1.0000,0.0000
28,37,1.0000,0.0000,231.670,2471.839,101,0.782178,1.0000,0.0000
28,41,1.0000,0.0000,218.562,1822.420,101,0.821782,1.0000,0.0000
28,45,1.0000,0.0000,222.924,2510.099,101,0.861386,1.0000,0.0000
28,50,1.0000,0.0000,220.195,2917.362,101,0.910891,1.0000,0.0000
28,55,1.0000,0.0000,222.482,2667.607,101,0.960396,1.0000,0.0000
28,60,1.0000,0.0000,221.841,2549.795,101,1.009901,1.0000,0.0000
28,66,1.0000,0.0000,226.876,2286.044,101,1.069307,1.0000,0.0000
28,73,1.0000,0.0000,232.065,2267.731,101,1.138614,1.0000,0.0000
28,80,0.9996,0.0000,228.635,2240.162,101,1.207921,0.9996,0.0000
28,88,0.9996,0.0000,225.885,3172.720,101,1.287129,0.9996,0.0000
28,97,0.9981,0.0001,223.961,2307.306,101,1.376238,0.9981,0.0001
31,1,1.0000,0.0000,282.849,1349.573,101,0.470297,1.0000,0.0000
31,2,1.0000,0.0000,271.256,3004.096,101,0.480198,1.0000,0.0000
31,3,1.0000,0.0000,250.739,3349.129,101,0.490099,1.0000,0.0000
31,4,1.0000,0.0000,247.267,2978.720,101,0.500000,1.0000,0.0000
31,5,1.0000,0.0000,244.145,2796.590,101,0.509901,1.0000,0.0000
31,6,1.0000,0.0000,237.204,2324.642,101,0.519802,1.0000,0.0000
31,7,1.0000,0.0000,245.199,2275.898,101,0.529703,1.0000,0.0000
31,8,1.0000,0.0000,241.380,1908.183,101,0.539604,1.0000,0.0000
31,9,1.0000,0.0000,236.764,1561.116,101,0.549505,1.0000,0.0000
31,10,1.0000,0.0000,237.920,2424.473,101,0.559406,1.0000,0.0000
31,11,1.0000,0.0000,242.454,5193.861,101,0.569307,1.0000,0.0000
31,12,1.0000,0.0000,234.781,2331.785,101,0.579208,1.0000,0.0000
31,13,1.0000,0.0000,238.369,2056.501,101,0.589109,1.0000,0.0000
31,14,1.0000,0.0000,237.941,2283.112,101,0.599010,1.0000,0.0000
31,16,1.0000,0.0000,235.498,2642.417,101,0.618812,1.0000,0.0000
31,17,1.0000,0.0000,235.895,2855.414,101,0.628713,1.0000,0.0000
31,19,1.0000,0.0000,234.836,2659.507,101,0.648515,1.0000,0.0000
31,21,1.0000,0.0000,229.979,3163.661,101,0.668317,1.0000,0.0000
31,23,1.0000,0.0000,225.776,3454.729,101,0.688119,1.0000,0.0000
31,26,1.0000,0.0000,234.558,3010.419,101,0.717822,1.0000,0.0000
31,28,1.0000,0.0000,234.108,2721.755,101,0.737624,1.0000,0.0000
31,31,1.0000,0.0000,239.177,2774.887,101,0.767327,1.0000,0.0000
31,34,1.0000,0.0000,230.846,1859.245,101,0.797030,1.0000,0.0000
31,37,1.0000,0.0000,235.333,2719.038,101,0.826733,1.0000,0.0000
31,41,1.0000,0.0000,218.273,2452.636,101,0.866337,1.0000,0.0000
31,45,1.0000,0.0000,223.849,2708.414,101,0.905941,1.0000,0.0000
31,50,1.0000,0.0000,221.304,3147.481,101,0.955446,1.0000,0.0000
31,55,1.0000,0.0000,220.652,2667.628,101,1.004950,1.0000,0.0000
31,60,1.0000,0.0000,223.509,2557.625,101,1.054455,1.0000,0.0000
31,66,0.9983,0.0001,225.938,2028.590,101,1.113861,0.9983,0.0001
31,73,0.9972,0.0001,228.888,2408.086,101,1.183168,0.9972,0.0001
31,80,0.9955,0.0002,233.428,2208.461,101,1.252475,0.9955,0.0002
31,88,0.9905,0.0004,228.786,2827.118,101,1.331683,0.9905,0.0004
31,97,0.9877,0.0004,213.896,2220.367,101,1.420792,0.9877,0.0004
34,1,1.0000,0.0000,291.752,1973.959,101,0.514851,1.0000,0.0000
34,2,1.0000,0.0000,272.606,2119.237,101,0.524752,1.0000,0.0000
34,3,1.0000,0.0000,256.024,3355.784,101,0.534653,1.0000,0.0000
34,4,1.0000,0.0000,249.306,2180.627,101,0.544554,1.0000,0.0000
34,5,1.0000,0.0000,252.712,2420.475,101,0.554455,1.0000,0.0000
34,6,1.0000,0.0000,248.185,1968.064,101,0.564356,1.0000,0.0000
34,7,1.0000,0.0000,242.043,2197.981,101,0.574257,1.0000,0.0000
34,8,1.0000,0.0000,242.896,2918.146,101,0.584158,1.0000,0.0000
34,9,1.0000,0.0000,244.506,2265.795,101,0.594059,1.0000,0.0000
34,10,1.0000,0.0000,236.978,2126.619,101,0.603960,1.0000,0.0000
34,11,1.0000,0.0000,241.214,3760.528,101,0.613861,1.0000,0.0000
34,12,1.0000,0.0000,239.708,2527.203,101,0.623762,1.0000,0.0000
34,13,1.0000,0.0000,241.590,2044.908,101,0.633663,1.0000,0.0000
34,14,1.0000,0.0000,242.965,2395.097,101,0.643564,1.0000,0.0000
34,16,1.0000,0.0000,242.847,2376.112,101,0.663366,1.0000,0.0000
34,17,1.0000,0.0000,248.124,3290.383,101,0.673267,1.0000,0.0000
34,19,1.0000,0.0000,235.826,2973.785,101,0.693069,1.0000,0.0000
34,21,1.0000,0.0000,233.454,2906.231,101,0.712871,1.0000,0.0000
34,23,1.0000,0.0000,233.518,3006.936,101,0.732673,1.0000,0.0000
34,26,1.0000,0.0000,233.451,2343.490,101,0.762376,1.0000,0.0000
34,28,1.0000,0.0000,230.401,2572.131,101,0.782178,1.0000,0.0000
34,31,1.0000,0.0000,239.536,2144.160,101,0.811881,1.0000,0.0000
34,34,1.0000,0.0000,234.802,2884.881,101,0.841584,1.0000,0.0000
34,37,1.0000,0.0000,235.408,2491.241,101,0.871287,1.0000,0.0000
34,41,1.0000,0.0000,222.992,3015.282,101,0.910891,1.0000,0.0000
34,45,1.0000,0.0000,223.343,3171.976,101,0.950495,1.0000,0.0000
34,50,0.9993,0.0000,224.199,2703.868,101,1.000000,0.9993,0.0000
34,55,0.9987,0.0001,230.275,2900.331,101,1.049505,0.9987,0.0001
34,60,0.9953,0.0003,226.236,2525.054,101,1.099010,0.9953,0.0003
34,66,0.9890,0.0006,222.869,2363.080,101,1.158416,0.9890,0.0006
34,73,0.9835,0.0007,225.116,2583.018,101,1.227723,0.9835,0.0007
34,80,0.9780,0.0008,219.083,2297.577,101,1.297030,0.9780,0.0008
34,88,0.9692,0.0008,220.701,3083.123,101,1.376238,0.9692,0.0008
34,97,0.9613,0.0005,208.263,2433.898,101,1.465347,0.9613,0.0005
37,1,1.0000,0.0000,292.505,1825.695,101,0.559406,1.0000,0.0000
37,2,1.0000,0.0000,281.217,2257.909,101,0.569307,1.0000,0.0000
37,3,1.0000,0.0000,264.642,3576.696,101,0.579208,1.0000,0.0000
37,4,1.0000,0.0000,253.319,2172.428,101,0.589109,1.0000,0.0000
37,5,1.0000,0.0000,257.608,2262.285,101,0.599010,1.0000,0.0000
37,6,1.0000,0.0000,254.006,2236.804,101,0.608911,1.0000,0.0000
37,7,1.0000,0.0000,252.799,2488.099,101,0.618812,1.0000,0.0000
37,8,1.0000,0.0000,245.195,2029.464,101,0.628713,1.0000,0.0000
37,9,1.0000,0.0000,241.911,2124.086,101,0.638614,1.0000,0.0000
37,10,1.0000,0.0000,244.797,2347.400,101,0.648515,1.0000,0.0000
37,11,1.0000,0.0000,247.150,3741.938,101,0.658416,1.0000,0.0000
37,12,1.0000,0.0000,239.730,2483.626,101,0.668317,1.0000,0.0000
37,13,1.0000,0.0000,246.665,2418.446,101,0.678218,1.0000,0.0000
37,14,1.0000,0.0000,241.464,2808.322,101,0.688119,1.0000,0.0000
37,16,1.0000,0.0000,240.395,2224.609,101,0.707921,1.0000,0.0000
37,17,1.0000,0.0000,244.580,2388.544,101,0.717822,1.0000,0.0000
37,19,1.0000,0.0000,238.988,2294.303,101,0.737624,1.0000,0.0000
37,21,1.0000,0.0000,248.641,3785.192,101,0.757426,1.0000,0.0000
37,23,1.0000,0.0000,235.237,2629.245,101,0.777228,1.0000,0.0000
37,26,1.0000,0.0000,231.639,3062.480,101,0.806931,1.0000,0.0000
37,28,1.0000,0.0000,226.760,2677.672,101,0.826733,1.0000,0.0000
37,31,1.0000,0.0000,241.862,2564.904,101,0.856436,1.0000,0.0000
37,34,1.0000,0.0000,239.637,2967.801,101,0.886139,1.0000,0.0000
37,37,1.0000,0.0000,239.576,2416.992,101,0.915842,1.0000,0.0000
37,41,1.0000,0.0000,222.686,2698.237,101,0.955446,1.0000,0.0000
37,45,0.9992,0.0001,224.287,2843.083,101,0.995050,0.9992,0.0001
37,50,0.9985,0.0001,225.274,2908.752,101,1.044554,0.9985,0.0001
37,55,0.9921,0.0005,227.105,2698.102,101,1.094059,0.9921,0.0005
37,60,0.9809,0.0010,223.200,2625.470,101,1.143564,0.9809,0.0010
37,66,0.9661,0.0011,215.301,2923.572,101,1.202970,0.9661,0.0011
37,73,0.9590,0.0010,210.261,2423.445,101,1.272277,0.9590,0.0010
37,80,0.9502,0.0007,207.734,2430.446,101,1.341584,0.9502,0.0007
37,88,0.9468,0.0005,208.912,1917.222,101,1.420792,0.9468,0.0005
37,97,0.9426,0.0003,203.234,2245.497,101,1.509901,0.9426,0.0003
41,1,1.0000,0.0000,298.376,2531.114,101,0.618812,1.0000,0.0000
41,2,1.0000,0.0000,287.072,2290.065,101,0.628713,1.0000,0.0000
41,3,1.0000,0.0000,271.308,2531.651,101,0.638614,1.0000,0.0000
41,4,1.0000,0.0000,266.875,2518.078,101,0.648515,1.0000,0.0000
41,5,1.0000,0.0000,265.434,2666.536,101,0.658416,1.0000,0.0000
41,6,1.0000,0.0000,260.365,2094.455,101,0.668317,1.0000,0.0000
41,7,1.0000,0.0000,257.138,2140.038,101,0.678218,1.0000,0.0000
41,8,1.0000,0.0000,250.017,2154.764,101,0.688119,1.0000,0.0000
41,9,1.0000,0.0000,251.129,2151.630,101,0.698020,1.0000,0.0000
41,10,1.0000,0.0000,248.562,2579.750,101,0.707921,1.0000,0.0000
41,11,1.0000,0.0000,250.228,2274.660,101,0.717822,1.0000,0.0000
41,12,1.0000,0.0000,244.892,2671.496,101,0.727723,1.0000,0.0000
41,13,1.0000,0.0000,244.046,2260.899,101,0.737624,1.0000,0.0000
41,14,1.0000,0.0000,238.019,2400.019,101,0.747525,1.0000,0.0000
41,16,1.0000,0.0000,241.637,3344.469,101,0.767327,1.0000,0.0000
41,17,1.0000,0.0000,240.759,2823.009,101,0.777228,1.0000,0.0000
41,19,1.0000,0.0000,244.233,2377.580,101,0.797030,1.0000,0.0000
41,21,1.0000,0.0000,248.409,3438.523,101,0.816832,1.0000,0.0000
41,23,1.0000,0.0000,242.088,3572.903,101,0.836634,1.0000,0.0000
41,26,1.0000,0.0000,234.246,3526.347,101,0.866337,1.0000,0.0000
41,28,1.0000,0.0000,231.917,3484.430,101,0.886139,1.0000,0.0000
41,31,1.0000,0.0000,246.804,2912.891,101,0.915842,1.0000,0.0000
41,34,1.0000,0.0000,243.796,2614.159,101,0.945545,1.0000,0.0000
41,37,0.9971,0.0003,239.899,2862.634,101,0.975248,0.9971,0.0003
41,41,0.9917,0.0007,224.274,2524.117,101,1.014851,0.9917,0.0007
41,45,0.9820,0.0013,223.012,3055.771,101,1.054455,0.9820,0.0013
41,50,0.9621,0.0019,207.138,2535.694,101,1.103960,0.9621,0.0019
41,55,0.9446,0.0016,204.919,2631.405,101,1.153465,0.9446,0.0016
41,60,0.9324,0.0011,192.535,2302.346,101,1.202970,0.9324,0.0011
41,66,0.9251,0.0006,194.930,1693.444,101,1.262376,0.9251,0.0006
41,73,0.9214,0.0003,192.418,2359.400,101,1.331683,0.9214,0.0003
41,80,0.9196,0.0002,196.065,2309.663,101,1.400990,0.9196,0.0002
41,88,0.9197,0.0002,195.384,1933.987,101,1.480198,0.9197,0.0002
41,97,0.9196,0.0002,192.214,2558.860,101,1.569307,0.9196,0.0002
45,1,1.0000,0.0000,309.053,2098.741,101,0.678218,1.0000,0.0000
45,2,1.0000,0.0000,296.071,2494.505,101,0.688119,1.0000,0.0000
45,3,1.0000,0.0000,277.151,2110.507,101,0.698020,1.0000,0.0000
45,4,1.0000,0.0000,270.415,2047.894,101,0.707921,1.0000,0.0000
45,5,1.0000,0.0000,274.151,2248.321,101,0.717822,1.0000,0.0000
45,6,1.0000,0.0000,259.830,1784.088,101,0.727723,1.0000,0.0000
45,7,1.0000,0.0000,262.213,2172.700,101,0.737624,1.0000,0.0000
45,8,1.0000,0.0000,253.550,1588.355,101,0.747525,1.0000,0.0000
45,9,1.0000,0.0000,253.747,2496.417,101,0.757426,1.0000,0.0000
45,10,1.0000,0.0000,249.831,2316.905,101,0.767327,1.0000,0.0000
45,11,1.0000,0.0000,255.591,2722.445,101,0.777228,1.0000,0.0000
45,12,1.0000,0.0000,243.505,2433.192,101,0.787129,1.0000,0.0000
45,13,1.0000,0.0000,243.001,2632.469,101,0.797030,1.0000,0.0000
45,14,1.0000,0.0000,238.380,2666.156,101,0.806931,1.0000,0.0000
45,16,1.0000,0.0000,245.166,3252.433,101,0.826733,1.0000,0.0000
45,17,1.0000,0.0000,247.781,2418.218,101,0.836634,1.0000,0.0000
45,19,1.0000,0.0000,249.545,2359.667,101,0.856436,1.0000,0.0000
45,21,1.0000,0.0000,250.761,2961.124,101,0.876238,1.0000,0.0000
45,23,1.0000,0.0000,246.058,2501.672,101,0.896040,1.0000,0.0000
45,26,1.0000,0.0000,243.323,2997.148,101,0.925743,1.0000,0.0000
45,28,1.0000,0.0000,241.325,3286.984,101,0.945545,1.0000,0.0000
45,31,0.9927,0.0009,241.918,3093.378,101,0.975248,0.9927,0.0009
45,34,0.9883,0.0012,236.892,3276.511,101,1.004950,0.9883,0.0012
45,37,0.9688,0.0025,231.296,3122.311,101,1.034653,0.9688,0.0025
45,41,0.9439,0.0029,204.621,2837.233,101,1.074257,0.9439,0.0029
45,45,0.9181,0.0020,192.764,2465.300,101,1.113861,0.9181,0.0020
45,50,0.9056,0.0010,184.815,2957.078,101,1.163366,0.9056,0.0010
45,55,0.9022,0.0007,192.744,2657.844,101,1.212871,0.9022,0.0007
45,60,0.9001,0.0005,181.010,2091.460,101,1.262376,0.9001,0.0005
45,66,0.8984,0.0002,178.126,1872.332,101,1.321782,0.8984,0.0002
45,73,0.8980,0.0002,174.948,2276.096,101,1.391089,0.8980,0.0002
45,80,0.8978,0.0002,184.098,2200.586,101,1.460396,0.8978,0.0002
45,88,0.8975,0.0002,185.456,2021.754,101,1.539604,0.8975,0.0002
45,97,0.8977,0.0002,183.398,2044.876,101,1.628713,0.8977,0.0002
50,1,1.0000,0.0000,313.531,2209.239,101,0.752475,1.0000,0.0000
50,2,1.0000,0.0000,299.103,2656.327,101,0.762376,1.0000,0.0000
50,3,1.0000,0.0000,290.575,1946.309,101,0.772277,1.0000,0.0000
50,4,1.0000,0.0000,281.757,2104.956,101,0.782178,1.0000,0.0000
50,5,1.0000,0.0000,278.028,2168.576,101,0.792079,1.0000,0.0000
50,6,1.0000,0.0000,262.877,1700.042,101,0.801980,1.0000,0.0000
50,7,1.0000,0.0000,264.173,2453.295,101,0.811881,1.0000,0.0000
50,8,1.0000,0.0000,256.939,2295.842,101,0.821782,1.0000,0.0000
50,9,1.0000,0.0000,257.999,2650.246,101,0.831683,1.0000,0.0000
50,10,1.0000,0.0000,257.937,2983.517,101,0.841584,1.0000,0.0000
50,11,1.0000,0.0000,259.756,2646.642,101,0.851485,1.0000,0.0000
50,12,1.0000,0.0000,245.580,3115.231,101,0.861386,1.0000,0.0000
50,13,1.0000,0.0000,245.820,2944.986,101,0.871287,1.0000,0.0000
50,14,1.0000,0.0000,242.136,2886.133,101,0.881188,1.0000,0.0000
50,16,1.0000,0.0000,252.817,2981.531,101,0.900990,1.0000,0.0000
50,17,1.0000,0.0000,253.050,2836.393,101,0.910891,1.0000,0.0000
50,19,1.0000,0.0000,260.533,3523.126,101,0.930693,1.0000,0.0000
50,21,1.0000,0.0000,262.245,3710.424,101,0.950495,1.0000,0.0000
50,23,1.0000,0.0000,252.908,3271.883,101,0.970297,1.0000,0.0000
50,26,0.9971,0.0004,241.330,3676.284,101,1.000000,0.9971,0.0004
50,28,0.9856,0.0019,245.137,3981.404,101,1.019802,0.9856,0.0019
50,31,0.9429,0.0045,215.715,3422.546,101,1.049505,0.9429,0.0045
50,34,0.9164,0.0041,206.248,3643.612,101,1.079208,0.9164,0.0041
50,37,0.8945,0.0026,195.057,3183.631,101,1.108911,0.8945,0.0026
50,41,0.8759,0.0006,175.964,2331.406,101,1.148515,0.8759,0.0006
50,45,0.8757,0.0007,178.826,2285.070,101,1.188119,0.8757,0.0007
50,50,0.8736,0.0004,172.473,2351.738,101,1.237624,0.8736,0.0004
50,55,0.8743,0.0006,176.572,2121.877,101,1.287129,0.8743,0.0006
50,60,0.8729,0.0003,177.262,2594.901,101,1.336634,0.8729,0.0003
50,66,0.8728,0.0003,171.268,2020.123,101,1.396040,0.8728,0.0003
50,73,0.8726,0.0003,167.384,1993.847,101,1.465347,0.8726,0.0003
50,80,0.8723,0.0003,171.892,2245.140,101,1.534653,0.8723,0.0003
50,88,0.8720,0.0003,168.469,1481.405,101,1.613861,0.8720,0.0003
50,97,0.8726,0.0003,171.027,1604.892,101,1.702970,0.8726,0.0003
55,1,1.0000,0.0000,318.493,2860.593,101,0.826733,1.0000,0.0000
55,2,1.0000,0.0000,306.675,2368.547,101,0.836634,1.0000,0.0000
55,3,1.0000,0.0000,293.249,1962.092,101,0.846535,1.0000,0.0000
55,4,1.0000,0.0000,285.191,2401.991,101,0.856436,1.0000,0.0000
55,5,1.0000,0.0000,275.479,2031.077,101,0.866337,1.0000,0.0000
55,6,1.0000,0.0000,264.235,1671.882,101,0.876238,1.0000,0.0000
55,7,1.0000,0.0000,262.108,2364.052,101,0.886139,1.0000,0.0000
55,8,1.0000,0.0000,260.632,2830.549,101,0.896040,1.0000,0.0000
55,9,1.0000,0.0000,258.126,3087.141,101,0.905941,1.0000,0.0000
55,10,1.0000,0.0000,252.486,2289.163,101,0.915842,1.0000,0.0000
55,11,1.0000,0.0000,258.947,4944.208,101,0.925743,1.0000,0.0000
55,12,1.0000,0.0000,252.171,2525.490,101,0.935644,1.0000,0.0000
55,13,1.0000,0.0000,254.147,3663.807,101,0.945545,1.0000,0.0000
55,14,1.0000,0.0000,253.976,2655.599,101,0.955446,1.0000,0.0000
55,16,1.0000,0.0000,263.397,3754.010,101,0.975248,1.0000,0.0000
55,17,1.0000,0.0000,261.932,3017.109,101,0.985149,1.0000,0.0000
55,19,1.0000,0.0000,267.835,3511.172,101,1.004950,1.0000,0.0000
55,21,0.9965,0.0006,265.323,2892.890,101,1.024752,0.9965,0.0006
55,23,0.9794,0.0032,251.159,4321.331,101,1.044554,0.9794,0.0032
55,26,0.9207,0.0068,215.711,2938.941,101,1.074257,0.9207,0.0068
55,28,0.8902,0.0055,202.379,3426.041,101,1.094059,0.8902,0.0055
55,31,0.8552,0.0017,178.813,2457.631,101,1.123762,0.8552,0.0017
55,34,0.8451,0.0006,175.059,1846.342,101,1.153465,0.8451,0.0006
55,37,0.8438,0.0003,168.525,2125.792,101,1.183168,0.8438,0.0003
55,41,0.8427,0.0003,164.003,1321.860,101,1.222772,0.8427,0.0003
55,45,0.8416,0.0003,165.787,1724.869,101,1.262376,0.8416,0.0003
55,50,0.8418,0.0003,165.703,2311.301,101,1.311881,0.8418,0.0003
55,55,0.8417,0.0003,171.027,1814.456,101,1.361386,0.8417,0.0003
55,60,0.8413,0.0003,169.618,1703.363,101,1.410891,0.8413,0.0003
55,66,0.8419,0.0003,163.798,2067.057,101,1.470297,0.8419,0.0003
55,73,0.8416,0.0003,165.404,2722.636,101,1.539604,0.8416,0.0003
55,80,0.8410,0.0003,163.171,2462.654,101,1.608911,0.8410,0.0003
55,88,0.8412,0.0003,167.360,1608.623,101,1.688119,0.8412,0.0003
55,97,0.8410,0.0003,158.512,1403.368,101,1.777228,0.8410,0.0003
60,1,1.0000,0.0000,326.614,3391.717,101,0.900990,1.0000,0.0000
60,2,1.0000,0.0000,314.431,3033.100,101,0.910891,1.0000,0.0000
60,3,1.0000,0.0000,299.239,3607.212,101,0.920792,1.0000,0.0000
60,4,1.0000,0.0000,293.447,2191.148,101,0.930693,1.0000,0.0000
60,5,1.0000,0.0000,278.858,2344.866,101,0.940594,1.0000,0.0000
60,6,1.0000,0.0000,271.591,3626.674,101,0.950495,1.0000,0.0000
60,7,1.0000,0.0000,267.461,2261.807,101,0.960396,1.0000,0.0000
60,8,1.0000,0.0000,257.134,2601.382,101,0.970297,1.0000,0.0000
60,9,1.0000,0.0000,251.684,2234.342,101,0.980198,1.0000,0.0000
60,10,1.0000,0.0000,257.316,2368.127,101,0.990099,1.0000,0.0000
60,11,1.0000,0.0000,249.799,3080.037,101,1.000000,1.0000,0.0000
60,12,1.0000,0.0000,262.018,2681.004,101,1.009901,1.0000,0.0000
60,13,1.0000,0.0000,262.916,3807.122,101,1.019802,1.0000,0.0000
60,14,1.0000,0.0000,261.144,3753.185,101,1.029703,1.0000,0.0000
60,16,1.0000,0.0000,262.600,2638.943,101,1.049505,1.0000,0.0000
60,17,1.0000,0.0000,264.596,3222.085,101,1.059406,1.0000,0.0000
60,19,0.9942,0.0011,270.573,3721.462,101,1.079208,0.9942,0.0011
60,21,0.9639,0.0057,254.859,4355.250,101,1.099010,0.9639,0.0057
60,23,0.9018,0.0082,220.593,3703.125,101,1.118812,0.9018,0.0082
60,26,0.8521,0.0045,182.424,3352.125,101,1.148515,0.8521,0.0045
60,28,0.8339,0.0018,175.761,2051.328,101,1.168317,0.8339,0.0018
60,31,0.8247,0.0004,171.787,2797.308,101,1.198020,0.8247,0.0004
60,34,0.8241,0.0004,167.406,1945.669,101,1.227723,0.8241,0.0004
60,37,0.8239,0.0004,161.530,1783.021,101,1.257426,0.8239,0.0004
60,41,0.8234,0.0004,155.217,1559.977,101,1.297030,0.8234,0.0004
60,45,0.8225,0.0004,155.515,1594.446,101,1.336634,0.8225,0.0004
60,50,0.8222,0.0004,164.106,1818.404,101,1.386139,0.8222,0.0004
60,55,0.8234,0.0004,163.315,2143.211,101,1.435644,0.8234,0.0004
60,60,0.8224,0.0004,165.521,1976.840,101,1.485149,0.8224,0.0004
60,66,0.8214,0.0004,161.000,1577.219,101,1.544554,0.8214,0.0004
60,73,0.8217,0.0004,168.302,1827.634,101,1.613861,0.8217,0.0004
60,80,0.8215,0.0004,163.016,2060.903,101,1.683168,0.8215,0.0004
60,88,0.8215,0.0004,155.183,1384.322,101,1.762376,0.8215,0.0004
60,97,0.8214,0.0004,157.900,1698.708,101,1.851485,0.8214,0.0004
66,1,1.0000,0.0000,344.992,3659.516,101,0.990099,1.0000,0.0000
66,2,1.0000,0.0000,331.278,4436.167,101,1.000000,1.0000,0.0000
66,3,1.0000,0.0000,301.060,2936.282,101,1.009901,1.0000,0.0000
66,4,1.0000,0.0000,291.906,2067.770,101,1.019802,1.0000,0.0000
66,5,1.0000,0.0000,284.978,2675.378,101,1.029703,1.0000,0.0000
66,6,1.0000,0.0000,269.041,2643.222,101,1.039604,1.0000,0.0000
66,7,1.0000,0.0000,273.949,1970.830,101,1.049505,1.0000,0.0000
66,8,1.0000,0.0000,268.085,2956.402,101,1.059406,1.0000,0.0000
66,9,1.0000,0.0000,258.100,2237.601,101,1.069307,1.0000,0.0000
66,10,1.0000,0.0000,263.350,2044.459,101,1.079208,1.0000,0.0000
66,11,1.0000,0.0000,263.009,2694.033,101,1.089109,1.0000,0.0000
66,12,1.0000,0.0000,264.128,2455.870,101,1.099010,1.0000,0.0000
66,13,1.0000,0.0000,265.041,1831.823,101,1.108911,1.0000,0.0000
66,14,1.0000,0.0000,266.941,2814.406,101,1.118812,1.0000,0.0000
66,16,0.9905,0.0022,266.029,2943.934,101,1.138614,0.9905,0.0022
66,17,0.9665,0.0065,249.306,4903.522,101,1.148515,0.9665,0.0065
66,19,0.9030,0.0119,240.586,6646.048,101,1.168317,0.9030,0.0119
66,21,0.8425,0.0094,198.947,4470.172,101,1.188119,0.8425,0.0094
66,23,0.8020,0.0030,178.195,2785.185,101,1.207921,0.8020,0.0030
66,26,0.7870,0.0005,158.805,2426.745,101,1.237624,0.7870,0.0005
66,28,0.7874,0.0005,159.171,2641.853,101,1.257426,0.7874,0.0005
66,31,0.7860,0.0005,164.220,1963.213,101,1.287129,0.7860,0.0005
66,34,0.7857,0.0005,157.442,2351.998,101,1.316832,0.7857,0.0005
66,37,0.7857,0.0004,157.268,1541.866,101,1.346535,0.7857,0.0004
66,41,0.7855,0.0005,154.946,1583.931,101,1.386139,0.7855,0.0005
66,45,0.7855,0.0005,149.558,1482.450,101,1.425743,0.7855,0.0005
66,50,0.7855,0.0005,154.167,1586.011,101,1.475248,0.7855,0.0005
66,55,0.7855,0.0004,152.450,1802.505,101,1.524752,0.7855,0.0004
66,60,0.7857,0.0005,155.793,1464.345,101,1.574257,0.7857,0.0005
66,66,0.7850,0.0005,157.598,1287.255,101,1.633663,0.7850,0.0005
66,73,0.7848,0.0004,162.108,2276.540,101,1.702970,0.7848,0.0004
66,80,0.7849,0.0004,156.803,1463.167,101,1.772277,0.7849,0.0004
66,88,0.7849,0.0004,158.648,2564.143,101,1.851485,0.7849,0.0004
66,97,0.7848,0.0004,165.017,1528.406,101,1.940594,0.7848,0.0004
73,1,1.0000,0.0000,367.260,4430.865,101,1.094059,1.0000,0.0000
73,2,1.0000,0.0000,352.338,4998.244,101,1.103960,1.0000,0.0000
73,3,1.0000,0.0000,306.672,3971.525,101,1.113861,1.0000,0.0000
73,4,1.0000,0.0000,288.307,2407.100,101,1.123762,1.0000,0.0000
73,5,1.0000,0.0000,282.001,2430.353,101,1.133663,1.0000,0.0000
73,6,1.0000,0.0000,277.903,3093.082,101,1.143564,1.0000,0.0000
73,7,1.0000,0.0000,272.752,2146.639,101,1.153465,1.0000,0.0000
73,8,1.0000,0.0000,271.398,3014.742,101,1.163366,1.0000,0.0000
73,9,1.0000,0.0000,268.259,2840.727,101,1.173267,1.0000,0.0000
73,10,1.0000,0.0000,268.696,2140.018,101,1.183168,1.0000,0.0000
73,11,1.0000,0.0000,272.047,3841.442,101,1.193069,1.0000,0.0000
73,12,1.0000,0.0000,264.563,2767.991,101,1.202970,1.0000,0.0000
73,13,1.0000,0.0000,271.508,2498.051,101,1.212871,1.0000,0.0000
73,14,0.9974,0.0007,273.694,3080.630,101,1.222772,0.9974,0.0007
73,16,0.9225,0.0131,236.910,4114.225,101,1.242574,0.9225,0.0131
73,17,0.8643,0.0150,220.993,5488.447,101,1.252475,0.8643,0.0150
73,19,0.7879,0.0065,186.076,3646.724,101,1.272277,0.7879,0.0065
73,21,0.7620,0.0017,157.714,2313.882,101,1.292079,0.7620,0.0017
73,23,0.7589,0.0011,152.941,1783.762,101,1.311881,0.7589,0.0011
73,26,0.7558,0.0005,152.847,1979.307,101,1.341584,0.7558,0.0005
73,28,0.7554,0.0005,144.876,1225.801,101,1.361386,0.7554,0.0005
73,31,0.7554,0.0005,150.398,1164.526,101,1.391089,0.7554,0.0005
73,34,0.7552,0.0005,151.978,1499.177,101,1.420792,0.7552,0.0005
73,37,0.7550,0.0005,151.304,1278.486,101,1.450495,0.7550,0.0005
73,41,0.7554,0.0005,153.858,1742.194,101,1.490099,0.7554,0.0005
73,45,0.7554,0.0005,152.333,1325.403,101,1.529703,0.7554,0.0005
73,50,0.7553,0.0005,151.451,1380.515,101,1.579208,0.7553,0.0005
73,55,0.7557,0.0005,150.171,2204.448,101,1.628713,0.7557,0.0005
73,60,0.7550,0.0005,149.771,1722.505,101,1.678218,0.7550,0.0005
73,66,0.7547,0.0005,147.615,1698.951,101,1.737624,0.7547,0.0005
73,73,0.7551,0.0005,147.603,2132.589,101,1.806931,0.7551,0.0005
73,80,0.7543,0.0005,153.754,1199.159,101,1.876238,0.7543,0.0005
73,88,0.7545,0.0005,152.853,1385.935,101,1.955446,0.7545,0.0005
73,97,0.7545,0.0005,151.615,1699.233,101,2.044554,0.7545,0.0005
80,1,1.0000,0.0000,377.101,5008.203,101,1.198020,1.0000,0.0000
80,2,1.0000,0.0000,363.354,4686.237,101,1.207921,1.0000,0.0000
80,3,1.0000,0.0000,317.101,2663.860,101,1.217822,1.0000,0.0000
80,4,1.0000,0.0000,286.385,2239.653,101,1.227723,1.0000,0.0000
80,5,1.0000,0.0000,282.419,2538.958,101,1.237624,1.0000,0.0000
80,6,1.0000,0.0000,276.687,2661.898,101,1.247525,1.0000,0.0000
80,7,1.0000,0.0000,275.242,2471.129,101,1.257426,1.0000,0.0000
80,8,1.0000,0.0000,275.134,2902.943,101,1.267327,1.0000,0.0000
80,9,1.0000,0.0000,270.557,2842.473,101,1.277228,1.0000,0.0000
80,10,1.0000,0.0000,272.674,2830.761,101,1.287129,1.0000,0.0000
80,11,1.0000,0.0000,267.340,2258.188,101,1.297030,1.0000,0.0000
80,12,1.0000,0.0000,271.222,3039.295,101,1.306931,1.0000,0.0000
80,13,0.9913,0.0025,269.421,3068.963,101,1.316832,0.9913,0.0025
80,14,0.9477,0.0119,252.844,4289.201,101,1.326733,0.9477,0.0119
80,16,0.7875,0.0124,190.525,4562.496,101,1.346535,0.7875,0.0124
80,17,0.7454,0.0039,172.150,2469.324,101,1.356436,0.7454,0.0039
80,19,0.7345,0.0019,157.598,1895.395,101,1.376238,0.7345,0.0019
80,21,0.7290,0.0005,147.184,1478.018,101,1.396040,0.7290,0.0005
80,23,0.7273,0.0005,148.646,1933.806,101,1.415842,0.7273,0.0005
80,26,0.7274,0.0005,146.096,1501.644,101,1.445545,0.7274,0.0005
80,28,0.7274,0.0005,141.735,1200.356,101,1.465347,0.7274,0.0005
80,31,0.7260,0.0005,144.549,1320.776,101,1.495050,0.7260,0.0005
80,34,0.7265,0.0005,147.239,1619.389,101,1.524752,0.7265,0.0005
80,37,0.7260,0.0005,149.875,1471.345,101,1.554455,0.7260,0.0005
80,41,0.7257,0.0005,138.576,1527.897,101,1.594059,0.7257,0.0005
80,45,0.7252,0.0005,143.889,1453.526,101,1.633663,0.7252,0.0005
80,50,0.7256,0.0005,142.829,1159.907,101,1.683168,0.7256,0.0005
80,55,0.7264,0.0005,146.070,1289.077,101,1.732673,0.7264,0.0005
80,60,0.7260,0.0005,147.200,1482.164,101,1.782178,0.7260,0.0005
80,66,0.7256,0.0005,138.336,1403.100,101,1.841584,0.7256,0.0005
80,73,0.7252,0.0005,138.287,1393.940,101,1.910891,0.7252,0.0005
80,80,0.7251,0.0005,137.109,1156.001,101,1.980198,0.7251,0.0005
80,88,0.7249,0.0005,142.574,1480.303,101,2.059406,0.7249,0.0005
80,97,0.7251,0.0005,143.707,2251.642,101,2.148515,0.7251,0.0005
88,1,1.0000,0.0000,392.312,6195.093,101,1.316832,1.0000,0.0000
88,2,1.0000,0.0000,366.827,3885.161,101,1.326733,1.0000,0.0000
88,3,1.0000,0.0000,323.270,3383.546,101,1.336634,1.0000,0.0000
88,4,1.0000,0.0000,295.345,2651.668,101,1.346535,1.0000,0.0000
88,5,1.0000,0.0000,286.225,3130.345,101,1.356436,1.0000,0.0000
88,6,1.0000,0.0000,278.965,2873.489,101,1.366337,1.0000,0.0000
88,7,1.0000,0.0000,281.279,3094.331,101,1.376238,1.0000,0.0000
88,8,1.0000,0.0000,280.403,3250.905,101,1.386139,1.0000,0.0000
88,9,1.0000,0.0000,271.490,2587.376,101,1.396040,1.0000,0.0000
88,10,1.0000,0.0000,269.936,2641.259,101,1.405941,1.0000,0.0000
88,11,0.9967,0.0011,274.460,3165.741,101,1.415842,0.9967,0.0011
88,12,0.9713,0.0085,266.794,4369.677,101,1.425743,0.9713,0.0085
88,13,0.9047,0.0207,238.812,4421.074,101,1.435644,0.9047,0.0207
88,14,0.7934,0.0203,192.002,5198.811,101,1.445545,0.7934,0.0203
88,16,0.7100,0.0043,154.344,1621.157,101,1.465347,0.7100,0.0043
88,17,0.6994,0.0016,150.317,2110.456,101,1.475248,0.6994,0.0016
88,19,0.6953,0.0008,147.757,1590.420,101,1.495050,0.6953,0.0008
88,21,0.6954,0.0007,147.135,1339.989,101,1.514851,0.6954,0.0007
88,23,0.6937,0.0007,141.491,1464.422,101,1.534653,0.6937,0.0007
88,26,0.6930,0.0006,141.740,1610.179,101,1.564356,0.6930,0.0006
88,28,0.6934,0.0007,144.656,1662.965,101,1.584158,0.6934,0.0007
88,31,0.6928,0.0007,139.901,1818.041,101,1.613861,0.6928,0.0007
88,34,0.6939,0.0006,138.570,1547.589,101,1.643564,0.6939,0.0006
88,37,0.6928,0.0006,135.785,1270.697,101,1.673267,0.6928,0.0006
88,41,0.6926,0.0007,132.713,1447.606,101,1.712871,0.6926,0.0007
88,45,0.6926,0.0006,140.259,2094.107,101,1.752475,0.6926,0.0006
88,50,0.6924,0.0006,132.247,1186.166,101,1.801980,0.6924,0.0006
88,55,0.6922,0.0007,136.772,1530.655,101,1.851485,0.6922,0.0007
88,60,0.6921,0.0007,137.047,1603.413,101,1.900990,0.6921,0.0007
88,66,0.6927,0.0006,130.399,1114.682,101,1.960396,0.6927,0.0006
88,73,0.6922,0.0007,133.427,1162.668,101,2.029703,0.6922,0.0007
88,80,0.6919,0.0006,128.670,1183.583,101,2.099010,0.6919,0.0006
88,88,0.6929,0.0006,136.497,1987.729,101,2.178218,0.6929,0.0006
88,97,0.6923,0.0006,134.418,1429.250,101,2.267327,0.6923,0.0006
97,1,1.0000,0.0000,395.552,5546.903,101,1.450495,1.0000,0.0000
97,2,1.0000,0.0000,373.239,3732.373,101,1.460396,1.0000,0.0000
97,3,1.0000,0.0000,320.420,3970.838,101,1.470297,1.0000,0.0000
97,4,1.0000,0.0000,298.384,2316.256,101,1.480198,1.0000,0.0000
97,5,1.0000,0.0000,290.261,3741.265,101,1.490099,1.0000,0.0000
97,6,1.0000,0.0000,284.020,2930.638,101,1.500000,1.0000,0.0000
97,7,1.0000,0.0000,289.438,3303.934,101,1.509901,1.0000,0.0000
97,8,1.0000,0.0000,280.796,4089.664,101,1.519802,1.0000,0.0000
97,9,1.0000,0.0000,277.571,3431.683,101,1.529703,1.0000,0.0000
97,10,1.0000,0.0000,276.656,3095.888,101,1.539604,1.0000,0.0000
97,11,0.9344,0.0187,254.121,5387.753,101,1.549505,0.9344,0.0187
97,12,0.8082,0.0277,206.808,5021.376,101,1.559406,0.8082,0.0277
97,13,0.6912,0.0088,160.010,2226.069,101,1.569307,0.6912,0.0088
97,14,0.6661,0.0029,145.271,1418.883,101,1.579208,0.6661,0.0029
97,16,0.6559,0.0006,134.661,1338.351,101,1.599010,0.6559,0.0006
97,17,0.6537,0.0005,134.244,1377.134,101,1.608911,0.6537,0.0005
97,19,0.6527,0.0005,140.586,1694.980,101,1.628713,0.6527,0.0005
97,21,0.6532,0.0005,138.290,1399.601,101,1.648515,0.6532,0.0005
97,23,0.6537,0.0006,142.339,1638.473,101,1.668317,0.6537,0.0006
97,26,0.6532,0.0005,136.495,1901.172,101,1.698020,0.6532,0.0005
97,28,0.6532,0.0006,128.506,1205.580,101,1.717822,0.6532,0.0006
97,31,0.6529,0.0005,127.555,977.195,101,1.747525,0.6529,0.0005
97,34,0.6526,0.0005,127.743,969.009,101,1.777228,0.6526,0.0005
97,37,0.6525,0.0005,122.837,1351.576,101,1.806931,0.6525,0.0005
97,41,0.6525,0.0005,126.236,1078.219,101,1.846535,0.6525,0.0005
97,45,0.6526,0.0005,126.688,1178.789,101,1.886139,0.6526,0.0005
97,50,0.6524,0.0005,125.682,1110.034,101,1.935644,0.6524,0.0005
97,55,0.6524,0.0005,124.625,1100.909,101,1.985149,0.6524,0.0005
97,60,0.6525,0.0005,131.912,1465.267,101,2.034653,0.6525,0.0005
97,66,0.6525,0.0005,123.947,1023.214,101,2.094059,0.6525,0.0005
97,73,0.6525,0.0005,129.896,988.541,101,2.163366,0.6525,0.0005
97,80,0.6519,0.0005,128.691,1050.523,101,2.232673,0.6519,0.0005
97,88,0.6532,0.0005,128.621,1239.185,101,2.311881,0.6532,0.0005
97,97,0.6519,0.0005,130.613,1366.239,101,2.400990,0.6519,0.0005
107,1,1.0000,0.0000,430.577,8212.558,101,1.599010,1.0000,0.0000
107,2,1.0000,0.0000,375.547,3818.196,101,1.608911,1.0000,0.0000
107,3,1.0000,0.0000,322.061,2819.897,101,1.618812,1.0000,0.0000
107,4,1.0000,0.0000,307.892,3314.866,101,1.628713,1.0000,0.0000
107,5,1.0000,0.0000,292.217,4116.721,101,1.638614,1.0000,0.0000
107,6,1.0000,0.0000,296.606,2966.193,101,1.648515,1.0000,0.0000
107,7,1.0000,0.0000,291.913,3655.288,101,1.658416,1.0000,0.0000
107,8,1.0000,0.0000,280.456,3485.058,101,1.668317,1.0000,0.0000
107,9,0.9884,0.0044,276.713,3772.965,101,1.678218,0.9884,0.0044
107,10,0.9341,0.0216,259.704,4649.228,101,1.688119,0.9341,0.0216
107,11,0.7636,0.0329,193.254,5630.979,101,1.698020,0.7636,0.0329
107,12,0.6487,0.0088,150.257,2426.616,101,1.707921,0.6487,0.0088
107,13,0.6244,0.0023,130.806,1525.585,101,1.717822,0.6244,0.0023
107,14,0.6176,0.0008,126.899,1543.804,101,1.727723,0.6176,0.0008
107,16,0.6169,0.0007,127.535,1932.308,101,1.747525,0.6169,0.0007
107,17,0.6163,0.0007,132.001,1744.597,101,1.757426,0.6163,0.0007
107,19,0.6152,0.0007,128.086,1269.701,101,1.777228,0.6152,0.0007
107,21,0.6144,0.0007,131.865,1307.675,101,1.797030,0.6144,0.0007
107,23,0.6148,0.0006,127.567,1352.802,101,1.816832,0.6148,0.0006
107,26,0.6152,0.0007,121.007,1167.278,101,1.846535,0.6152,0.0007
107,28,0.6163,0.0007,121.296,1017.105,101,1.866337,0.6163,0.0007
107,31,0.6150,0.0006,127.217,1401.005,101,1.896040,0.6150,0.0006
107,34,0.6143,0.0007,128.267,1466.277,101,1.925743,0.6143,0.0007
107,37,0.6146,0.0007,125.788,1366.547,101,1.955446,0.6146,0.0007
107,41,0.6147,0.0007,121.435,987.545,101,1.995050,0.6147,0.0007
107,45,0.6140,0.0007,123.561,983.264,101,2.034653,0.6140,0.0007
107,50,0.6136,0.0007,123.762,1577.770,101,2.084158,0.6136,0.0007
107,55,0.6149,0.0007,121.913,1056.627,101,2.133663,0.6149,0.0007
107,60,0.6142,0.0006,123.701,1448.893,101,2.183168,0.6142,0.0006
107,66,0.6140,0.0006,128.596,1154.839,101,2.242574,0.6140,0.0006
107,73,0.6150,0.0007,126.925,1726.042,101,2.311881,0.6150,0.0007
107,80,0.6135,0.0007,126.989,1118.929,101,2.381188,0.6135,0.0007
107,88,0.6140,0.0007,126.273,1287.991,101,2.460396,0.6140,0.0007
107,97,0.6146,0.0007,123.626,1542.885,101,2.549505,0.6146,0.0007
117,1,1.0000,0.0000,489.517,8035.004,101,1.747525,1.0000,0.0000
117,2,1.0000,0.0000,386.093,5349.218,101,1.757426,1.0000,0.0000
117,3,1.0000,0.0000,317.322,3832.274,101,1.767327,1.0000,0.0000
117,4,1.0000,0.0000,312.789,2993.009,101,1.777228,1.0000,0.0000
117,5,1.0000,0.0000,300.007,3085.050,101,1.787129,1.0000,0.0000
117,6,1.0000,0.0000,305.171,2873.170,101,1.797030,1.0000,0.0000
117,7,1.0000,0.0000,297.030,2959.792,101,1.806931,1.0000,0.0000
117,8,1.0000,0.0000,287.748,2462.681,101,1.816832,1.0000,0.0000
117,9,0.9870,0.0055,281.939,2940.936,101,1.826733,0.9870,0.0055
117,10,0.7733,0.0402,203.628,7648.114,101,1.836634,0.7733,0.0402
117,11,0.6225,0.0112,140.546,3493.819,101,1.846535,0.6225,0.0112
117,12,0.5903,0.0007,121.704,819.027,101,1.856436,0.5903,0.0007
117,13,0.5868,0.0006,123.495,1363.327,101,1.866337,0.5868,0.0006
117,14,0.5855,0.0006,125.110,1631.949,101,1.876238,0.5855,0.0006
117,16,0.5845,0.0005,125.513,977.235,101,1.896040,0.5845,0.0005
117,17,0.5837,0.0006,129.236,1467.344,101,1.905941,0.5837,0.0006
117,19,0.5832,0.0006,126.225,1423.685,101,1.925743,0.5832,0.0006
117,21,0.5837,0.0006,124.991,1531.793,101,1.945545,0.5837,0.0006
117,23,0.5840,0.0006,117.019,1260.284,101,1.965347,0.5840,0.0006
117,26,0.5834,0.0006,121.867,1489.869,101,1.995050,0.5834,0.0006
117,28,0.5826,0.0006,120.173,1268.262,101,2.014851,0.5826,0.0006
117,31,0.5833,0.0006,119.233,1847.111,101,2.044554,0.5833,0.0006
117,34,0.5830,0.0006,113.960,1092.401,101,2.074257,0.5830,0.0006
117,37,0.5837,0.0006,116.230,1152.417,101,2.103960,0.5837,0.0006
117,41,0.5843,0.0006,115.029,917.970,101,2.143564,0.5843,0.0006
117,45,0.5823,0.0006,115.900,1043.524,101,2.183168,0.5823,0.0006
117,50,0.5834,0.0006,117.377,1324.673,101,2.232673,0.5834,0.0006
117,55,0.5818,0.0006,118.475,1066.874,101,2.282178,0.5818,0.0006
117,60,0.5830,0.0006,114.616,1120.222,101,2.331683,0.5830,0.0006
117,66,0.5827,0.0005,110.269,904.326,101,2.391089,0.5827,0.0005
117,73,0.5829,0.0006,123.776,1689.988,101,2.460396,0.5829,0.0006
117,80,0.5829,0.0005,114.503,1198.598,101,2.529703,0.5829,0.0005
117,88,0.5818,0.0006,106.520,963.887,101,2.608911,0.5818,0.0006
117,97,0.5822,0.0006,110.672,985.573,101,2.698020,0.5822,0.0006
129,1,1.0000,0.0000,528.075,9923.119,101,1.925743,1.0000,0.0000
129,2,1.0000,0.0000,383.111,3407.108,101,1.935644,1.0000,0.0000
129,3,1.0000,0.0000,321.161,3802.404,101,1.945545,1.0000,0.0000
129,4,1.0000,0.0000,310.823,3202.251,101,1.955446,1.0000,0.0000
129,5,1.0000,0.0000,318.900,3356.964,101,1.965347,1.0000,0.0000
129,6,1.0000,0.0000,304.986,3284.427,101,1.975248,1.0000,0.0000
129,7,1.0000,0.0000,297.218,3339.279,101,1.985149,1.0000,0.0000
129,8,0.9908,0.0042,294.947,3918.387,101,1.995050,0.9908,0.0042
129,9,0.8060,0.0491,222.412,10036.615,101,2.004950,0.8060,0.0491
129,10,0.6040,0.0164,138.488,3226.649,101,2.014851,0.6040,0.0164
129,11,0.5552,0.0009,120.076,1580.578,101,2.024752,0.5552,0.0009
129,12,0.5531,0.0008,113.864,1136.298,101,2.034653,0.5531,0.0008
129,13,0.5522,0.0008,119.138,1381.687,101,2.044554,0.5522,0.0008
129,14,0.5499,0.0007,119.372,1498.851,101,2.054455,0.5499,0.0007
129,16,0.5495,0.0007,116.911,1114.755,101,2.074257,0.5495,0.0007
129,17,0.5485,0.0007,119.156,1501.976,101,2.084158,0.5485,0.0007
129,19,0.5485,0.0007,115.777,1054.788,101,2.103960,0.5485,0.0007
129,21,0.5491,0.0006,113.865,1385.916,101,2.123762,0.5491,0.0006
129,23,0.5485,0.0007,123.576,1257.155,101,2.143564,0.5485,0.0007
129,26,0.5487,0.0007,117.114,1646.698,101,2.173267,0.5487,0.0007
129,28,0.5490,0.0007,114.943,1433.778,101,2.193069,0.5490,0.0007
129,31,0.5480,0.0007,110.461,1099.867,101,2.222772,0.5480,0.0007
129,34,0.5466,0.0007,109.074,1009.229,101,2.252475,0.5466,0.0007
129,37,0.5477,0.0007,107.372,1016.570,101,2.282178,0.5477,0.0007
129,41,0.5489,0.0007,109.351,1030.873,101,2.321782,0.5489,0.0007
129,45,0.5474,0.0007,105.134,1016.197,101,2.361386,0.5474,0.0007
129,50,0.5473,0.0007,107.352,863.089,101,2.410891,0.5473,0.0007
129,55,0.5470,0.0007,109.008,1173.337,101,2.460396,0.5470,0.0007
129,60,0.5479,0.0006,109.216,993.059,101,2.509901,0.5479,0.0006
129,66,0.5475,0.0007,109.859,1071.277,101,2.569307,0.5475,0.0007
129,73,0.5468,0.0007,111.015,1149.840,101,2.638614,0.5468,0.0007
129,80,0.5464,0.0007,109.746,867.060,101,2.707921,0.5464,0.0007
129,88,0.5470,0.0007,108.816,1083.145,101,2.787129,0.5470,0.0007
129,97,0.5460,0.0007,109.502,1409.199,101,2.876238,0.5460,0.0007
142,1,1.0000,0.0000,529.830,7265.551,101,2.118812,1.0000,0.0000
142,2,1.0000,0.0000,364.952,4086.205,101,2.128713,1.0000,0.0000
142,3,1.0000,0.0000,326.383,2690.337,101,2.138614,1.0000,0.0000
142,4,1.0000,0.0000,316.485,4384.373,101,2.148515,1.0000,0.0000
142,5,1.0000,0.0000,316.416,4317.769,101,2.158416,1.0000,0.0000
142,6,1.0000,0.0000,307.491,3427.129,101,2.168317,1.0000,0.0000
142,7,1.0000,0.0000,303.459,3776.456,101,2.178218,1.0000,0.0000
142,8,0.9626,0.0163,291.577,6082.542,101,2.188119,0.9626,0.0163
142,9,0.6189,0.0300,148.027,4413.681,101,2.198020,0.6189,0.0300
142,10,0.5377,0.0029,114.975,1257.654,101,2.207921,0.5377,0.0029
142,11,0.5279,0.0007,113.214,1625.114,101,2.217822,0.5279,0.0007
142,12,0.5234,0.0006,107.899,907.007,101,2.227723,0.5234,0.0006
142,13,0.5227,0.0006,111.978,1033.343,101,2.237624,0.5227,0.0006
142,14,0.5230,0.0006,105.781,1036.969,101,2.247525,0.5230,0.0006
142,16,0.5225,0.0006,108.373,1209.219,101,2.267327,0.5225,0.0006
142,17,0.5227,0.0006,112.677,1287.353,101,2.277228,0.5227,0.0006
142,19,0.5223,0.0006,114.799,1274.212,101,2.297030,0.5223,0.0006
142,21,0.5213,0.0006,114.075,1067.328,101,2.316832,0.5213,0.0006
142,23,0.5215,0.0006,108.422,1165.310,101,2.336634,0.5215,0.0006
142,26,0.5219,0.0006,103.378,794.305,101,2.366337,0.5219,0.0006
142,28,0.5222,0.0006,108.572,923.512,101,2.386139,0.5222,0.0006
142,31,0.5215,0.0006,111.037,1097.648,101,2.415842,0.5215,0.0006
142,34,0.5200,0.0005,106.087,993.348,101,2.445545,0.5200,0.0005
142,37,0.5209,0.0006,106.812,926.627,101,2.475248,0.5209,0.0006
142,41,0.5209,0.0006,103.884,889.354,101,2.514851,0.5209,0.0006
142,45,0.5201,0.0006,102.394,970.581,101,2.554455,0.5201,0.0006
142,50,0.5201,0.0006,107.375,1034.859,101,2.603960,0.5201,0.0006
142,55,0.5205,0.0006,106.230,977.618,101,2.653465,0.5205,0.0006
142,60,0.5207,0.0006,103.769,751.167,101,2.702970,0.5207,0.0006
142,66,0.5205,0.0006,110.022,1065.881,101,2.762376,0.5205,0.0006
142,73,0.5204,0.0005,106.495,963.290,101,2.831683,0.5204,0.0005
142,80,0.5197,0.0006,110.211,1162.408,101,2.900990,0.5197,0.0006
142,88,0.5199,0.0006,106.741,820.665,101,2.980198,0.5199,0.0006
142,97,0.5190,0.0006,104.883,832.785,101,3.069307,0.5190,0.0006
156,1,1.0000,0.0000,539.757,7837.429,101,2.326733,1.0000,0.0000
156,2,1.0000,0.0000,367.300,4136.103,101,2.336634,1.0000,0.0000
156,3,1.0000,0.0000,338.498,3655.285,101,2.346535,1.0000,0.0000
156,4,1.0000,0.0000,323.678,3703.811,101,2.356436,1.0000,0.0000
156,5,1.0000,0.0000,316.222,3040.850,101,2.366337,1.0000,0.0000
156,6,1.0000,0.0000,310.524,3559.122,101,2.376238,1.0000,0.0000
156,7,1.0000,0.0000,308.425,2233.665,101,2.386139,1.0000,0.0000
156,8,0.7543,0.0618,214.232,11300.305,101,2.396040,0.7543,0.0618
156,9,0.5070,0.0032,118.911,1740.789,101,2.405941,0.5070,0.0032
156,10,0.4929,0.0006,107.259,986.649,101,2.415842,0.4929,0.0006
156,11,0.4885,0.0005,105.357,950.217,101,2.425743,0.4885,0.0005
156,12,0.4853,0.0005,106.229,1239.394,101,2.435644,0.4853,0.0005
156,13,0.4853,0.0005,97.404,662.542,101,2.445545,0.4853,0.0005
156,14,0.4860,0.0004,105.913,1299.219,101,2.455446,0.4860,0.0004
156,16,0.4839,0.0004,101.269,950.712,101,2.475248,0.4839,0.0004
156,17,0.4849,0.0005,101.071,1120.875,101,2.485149,0.4849,0.0005
156,19,0.4855,0.0005,105.040,929.432,101,2.504950,0.4855,0.0005
156,21,0.4850,0.0005,101.391,861.184,101,2.524752,0.4850,0.0005
156,23,0.4851,0.0005,101.263,1028.076,101,2.544554,0.4851,0.0005
156,26,0.4841,0.0005,103.637,1039.466,101,2.574257,0.4841,0.0005
156,28,0.4830,0.0005,108.055,861.843,101,2.594059,0.4830,0.0005
156,31,0.4850,0.0005,101.077,947.941,101,2.623762,0.4850,0.0005
156,34,0.4838,0.0005,98.382,826.054,101,2.653465,0.4838,0.0005
156,37,0.4833,0.0005,98.111,663.468,101,2.683168,0.4833,0.0005
156,41,0.4833,0.0005,104.418,918.038,101,2.722772,0.4833,0.0005
156,45,0.4825,0.0005,98.409,1071.076,101,2.762376,0.4825,0.0005
156,50,0.4836,0.0004,98.271,903.926,101,2.811881,0.4836,0.0004
156,55,0.4832,0.0005,96.275,809.473,101,2.861386,0.4832,0.0005
156,60,0.4823,0.0005,100.667,875.796,101,2.910891,0.4823,0.0005
156,66,0.4818,0.0004,101.606,1073.662,101,2.970297,0.4818,0.0004
156,73,0.4831,0.0005,103.216,1036.368,101,3.039604,0.4831,0.0005
156,80,0.4820,0.0005,98.992,910.475,101,3.108911,0.4820,0.0005
156,88,0.4829,0.0005,97.524,978.401,101,3.188119,0.4829,0.0005
156,97,0.4827,0.0005,98.763,1006.980,101,3.277228,0.4827,0.0005
172,1,1.0000,0.0000,554.448,9364.547,101,2.564356,1.0000,0.0000
172,2,1.0000,0.0000,376.482,4535.092,101,2.574257,1.0000,0.0000
172,3,1.0000,0.0000,335.903,5226.873,101,2.584158,1.0000,0.0000
172,4,1.0000,0.0000,332.538,3930.180,101,2.594059,1.0000,0.0000
172,5,1.0000,0.0000,320.529,3525.620,101,2.603960,1.0000,0.0000
172,6,0.9928,0.0051,312.066,4666.413,101,2.613861,0.9928,0.0051
172,7,0.9428,0.0301,293.071,7912.670,101,2.623762,0.9428,0.0301
172,8,0.5282,0.0285,128.163,4219.107,101,2.633663,0.5282,0.0285
172,9,0.4595,0.0014,102.067,900.087,101,2.643564,0.4595,0.0014
172,10,0.4548,0.0011,100.978,922.931,101,2.653465,0.4548,0.0011
172,11,0.4499,0.0011,99.944,1348.654,101,2.663366,0.4499,0.0011
172,12,0.4505,0.0011,96.899,1065.984,101,2.673267,0.4505,0.0011
172,13,0.4493,0.0010,101.536,704.375,101,2.683168,0.4493,0.0010
172,14,0.4507,0.0010,99.647,819.138,101,2.693069,0.4507,0.0010
172,16,0.4501,0.0011,99.724,1080.564,101,2.712871,0.4501,0.0011
172,17,0.4476,0.0011,101.644,884.825,101,2.722772,0.4476,0.0011
172,19,0.4486,0.0011,107.025,1413.868,101,2.742574,0.4486,0.0011
172,21,0.4497,0.0010,99.507,1018.709,101,2.762376,0.4497,0.0010
172,23,0.4499,0.0011,98.635,879.800,101,2.782178,0.4499,0.0011
172,26,0.4488,0.0012,97.176,914.095,101,2.811881,0.4488,0.0012
172,28,0.4486,0.0012,96.535,1230.207,101,2.831683,0.4486,0.0012
172,31,0.4485,0.0010,96.773,929.068,101,2.861386,0.4485,0.0010
172,34,0.4495,0.0011,95.783,928.778,101,2.891089,0.4495,0.0011
172,37,0.4484,0.0011,96.208,687.005,101,2.920792,0.4484,0.0011
172,41,0.4490,0.0011,89.093,874.924,101,2.960396,0.4490,0.0011
172,45,0.4470,0.0011,93.137,735.765,101,3.000000,0.4470,0.0011
172,50,0.4482,0.0011,97.756,1108.167,101,3.049505,0.4482,0.0011
172,55,0.4474,0.0011,96.450,995.742,101,3.099010,0.4474,0.0011
172,60,0.4482,0.0011,93.991,742.869,101,3.148515,0.4482,0.0011
172,66,0.4484,0.0011,91.779,782.530,101,3.207921,0.4484,0.0011
172,73,0.4475,0.0010,92.375,769.256,101,3.277228,0.4475,0.0010
172,80,0.4479,0.0011,95.891,728.863,101,3.346535,0.4479,0.0011
172,88,0.4473,0.0011,92.664,841.648,101,3.425743,0.4473,0.0011
172,97,0.4474,0.0011,88.799,665.116,101,3.514851,0.4474,0.0011
189,1,1.0000,0.0000,562.022,8317.741,101,2.816832,1.0000,0.0000
189,2,1.0000,0.0000,380.255,4529.559,101,2.826733,1.0000,0.0000
189,3,1.0000,0.0000,336.382,4224.054,101,2.836634,1.0000,0.0000
189,4,1.0000,0.0000,342.732,3551.215,101,2.846535,1.0000,0.0000
189,5,1.0000,0.0000,320.179,4027.365,101,2.856436,1.0000,0.0000
189,6,0.9714,0.0199,309.460,6021.865,101,2.866337,0.9714,0.0199
189,7,0.8112,0.0749,249.370,13769.850,101,2.876238,0.8112,0.0749
189,8,0.4335,0.0021,99.688,1007.655,101,2.886139,0.4335,0.0021
189,9,0.4239,0.0017,98.598,892.047,101,2.896040,0.4239,0.0017
189,10,0.4187,0.0017,90.484,662.043,101,2.905941,0.4187,0.0017
189,11,0.4167,0.0016,95.012,947.550,101,2.915842,0.4167,0.0016
189,12,0.4168,0.0016,93.934,776.600,101,2.925743,0.4168,0.0016
189,13,0.4173,0.0015,90.881,803.778,101,2.935644,0.4173,0.0015
189,14,0.4162,0.0017,90.684,788.547,101,2.945545,0.4162,0.0017
189,16,0.4175,0.0015,90.036,741.759,101,2.965347,0.4175,0.0015
189,17,0.4182,0.0015,90.636,856.711,101,2.975248,0.4182,0.0015
189,19,0.4164,0.0015,94.305,2399.352,101,2.995050,0.4164,0.0015
189,21,0.4174,0.0015,88.878,815.705,101,3.014851,0.4174,0.0015
189,23,0.4160,0.0016,88.062,841.113,101,3.034653,0.4160,0.0016
189,26,0.4160,0.0016,90.369,1043.944,101,3.064356,0.4160,0.0016
189,28,0.4159,0.0015,94.510,856.719,101,3.084158,0.4159,0.0015
189,31,0.4167,0.0015,87.363,697.222,101,3.113861,0.4167,0.0015
189,34,0.4164,0.0015,88.526,757.936,101,3.143564,0.4164,0.0015
189,37,0.4171,0.0016,88.998,739.486,101,3.173267,0.4171,0.0016
189,41,0.4163,0.0015,92.985,833.054,101,3.212871,0.4163,0.0015
189,45,0.4153,0.0017,94.106,853.544,101,3.252475,0.4153,0.0017
189,50,0.4161,0.0016,86.916,769.180,101,3.301980,0.4161,0.0016
189,55,0.4164,0.0016,86.916,748.522,101,3.351485,0.4164,0.0016
189,60,0.4150,0.0016,81.933,636.825,101,3.400990,0.4150,0.0016
189,66,0.4138,0.0016,88.865,853.735,101,3.460396,0.4138,0.0016
189,73,0.4147,0.0015,95.778,1118.908,101,3.529703,0.4147,0.0015
189,80,0.4143,0.0016,89.837,852.060,101,3.599010,0.4143,0.0016
189,88,0.4144,0.0015,90.839,939.951,101,3.678218,0.4144,0.0015
189,97,0.4137,0.0016,87.147,720.661,101,3.767327,0.4137,0.0016
